-- phpMyAdmin SQL Dump
-- version 5.1.1
-- https://www.phpmyadmin.net/
--
-- Host: 127.0.0.1
-- Waktu pembuatan: 23 Sep 2021 pada 14.49
-- Versi server: 10.4.20-MariaDB
-- Versi PHP: 7.3.29

SET SQL_MODE = "NO_AUTO_VALUE_ON_ZERO";
START TRANSACTION;
SET time_zone = "+00:00";


/*!40101 SET @OLD_CHARACTER_SET_CLIENT=@@CHARACTER_SET_CLIENT */;
/*!40101 SET @OLD_CHARACTER_SET_RESULTS=@@CHARACTER_SET_RESULTS */;
/*!40101 SET @OLD_COLLATION_CONNECTION=@@COLLATION_CONNECTION */;
/*!40101 SET NAMES utf8mb4 */;

--
-- Database: `evoush_db`
--

-- --------------------------------------------------------

--
-- Struktur dari tabel `api_data_test`
--

CREATE TABLE `api_data_test` (
  `id` bigint(20) UNSIGNED NOT NULL,
  `title` varchar(255) COLLATE utf8mb4_unicode_ci NOT NULL,
  `content` longtext COLLATE utf8mb4_unicode_ci NOT NULL,
  `created_at` timestamp NULL DEFAULT NULL,
  `updated_at` timestamp NULL DEFAULT NULL
) ENGINE=InnoDB DEFAULT CHARSET=utf8mb4 COLLATE=utf8mb4_unicode_ci;

--
-- Dumping data untuk tabel `api_data_test`
--

INSERT INTO `api_data_test` (`id`, `title`, `content`, `created_at`, `updated_at`) VALUES
(1, 'Title Testing Data', 'Lorem ipsum dolor sit amet, consectetur adipisicing elit, sed do eiusmod\n        tempor incididunt ut labore et dolore magna aliqua. Ut enim ad minim veniam,\n        quis nostrud exercitation ullamco laboris nisi ut aliquip ex ea commodo\n        consequat. Duis aute irure dolor in reprehenderit in voluptate velit esse\n        cillum dolore eu fugiat nulla pariatur. Excepteur sint occaecat cupidatat non\n        proident, sunt in culpa qui officia deserunt mollit anim id est laborum.', '2021-07-02 22:12:40', '2021-07-02 22:12:40'),
(2, 'jangan hanya mengandalkan lorem ipsum', 'Lorem ipsum dolor sit amet, consectetur adipisicing elit, sed do eiusmod\ntempor incididunt ut labore et dolore magna aliqua. Ut enim ad minim veniam,\nquis nostrud exercitation ullamco laboris nisi ut aliquip ex ea commodo\nconsequat. Duis aute irure dolor in reprehenderit in voluptate velit esse\ncillum dolore eu fugiat nulla pariatur. Excepteur sint occaecat cupidatat non\nproident, sunt in culpa qui officia deserunt mollit anim id est laborum.', '2021-07-03 00:36:47', '2021-07-03 00:36:47'),
(3, 'jangan hanya mengandalkan lorem ipsum bagian dua', 'Lorem ipsum dolor sit amet, consectetur adipisicing elit, sed do eiusmod\ntempor incididunt ut labore et dolore magna aliqua. Ut enim ad minim veniam,\nquis nostrud exercitation ullamco laboris nisi ut aliquip ex ea commodo\nconsequat. Duis aute irure dolor in reprehenderit in voluptate velit esse\ncillum dolore eu fugiat nulla pariatur. Excepteur sint occaecat cupidatat non\nproident, sunt in culpa qui officia deserunt mollit anim id est laborum.', '2021-07-03 00:40:40', '2021-07-03 00:40:40'),
(4, 'jangan hanya mengandalkan lorem ipsum bagian ketiga', 'Lorem ipsum dolor sit amet, consectetur adipisicing elit, sed do eiusmod\ntempor incididunt ut labore et dolore magna aliqua. Ut enim ad minim veniam,\nquis nostrud exercitation ullamco laboris nisi ut aliquip ex ea commodo\nconsequat. Duis aute irure dolor in reprehenderit in voluptate velit esse\ncillum dolore eu fugiat nulla pariatur. Excepteur sint occaecat cupidatat non\nproident, sunt in culpa qui officia deserunt mollit anim id est laborum.', '2021-07-03 00:49:24', '2021-07-03 00:49:24');

-- --------------------------------------------------------

--
-- Struktur dari tabel `articles`
--

CREATE TABLE `articles` (
  `id` int(10) UNSIGNED NOT NULL,
  `author` varchar(255) COLLATE utf8mb4_unicode_ci NOT NULL,
  `category_id` bigint(20) UNSIGNED NOT NULL,
  `title` varchar(255) COLLATE utf8mb4_unicode_ci NOT NULL,
  `slug` varchar(255) COLLATE utf8mb4_unicode_ci NOT NULL,
  `headline` text COLLATE utf8mb4_unicode_ci NOT NULL,
  `cover` varchar(255) COLLATE utf8mb4_unicode_ci NOT NULL,
  `content` longtext COLLATE utf8mb4_unicode_ci NOT NULL,
  `status` enum('PUBLISH','DRAFT') COLLATE utf8mb4_unicode_ci NOT NULL,
  `created_at` timestamp NULL DEFAULT NULL,
  `updated_at` timestamp NULL DEFAULT NULL,
  `deleted_at` timestamp NULL DEFAULT NULL
) ENGINE=InnoDB DEFAULT CHARSET=utf8mb4 COLLATE=utf8mb4_unicode_ci;

--
-- Dumping data untuk tabel `articles`
--

INSERT INTO `articles` (`id`, `author`, `category_id`, `title`, `slug`, `headline`, `cover`, `content`, `status`, `created_at`, `updated_at`, `deleted_at`) VALUES
(3, 'evoush author', 3, 'mamam lorem yuk kaka', 'mamam-lorem-yuk-kaka', 'ini judulnya makan mamam', 'article-covers/ORCnz5Uysus3IKIHLG5gy3kAogc1xDeQxUmn16FS.jpg', '<p>mamam yuk kaaka dengan apa ajah lah</p>', 'DRAFT', '2021-06-29 00:03:47', '2021-06-29 00:03:47', NULL);

-- --------------------------------------------------------

--
-- Struktur dari tabel `categories`
--

CREATE TABLE `categories` (
  `id` int(10) UNSIGNED NOT NULL,
  `name` varchar(255) COLLATE utf8mb4_unicode_ci NOT NULL,
  `slug` varchar(255) COLLATE utf8mb4_unicode_ci NOT NULL,
  `image` varchar(255) COLLATE utf8mb4_unicode_ci NOT NULL COMMENT 'berisi nama file image saja\n            tanpa path',
  `created_by` int(11) NOT NULL,
  `updated_by` int(11) DEFAULT NULL,
  `deleted_by` int(11) DEFAULT NULL,
  `deleted_at` timestamp NULL DEFAULT NULL,
  `created_at` timestamp NULL DEFAULT NULL,
  `updated_at` timestamp NULL DEFAULT NULL
) ENGINE=InnoDB DEFAULT CHARSET=utf8mb4 COLLATE=utf8mb4_unicode_ci;

--
-- Dumping data untuk tabel `categories`
--

INSERT INTO `categories` (`id`, `name`, `slug`, `image`, `created_by`, `updated_by`, `deleted_by`, `deleted_at`, `created_at`, `updated_at`) VALUES
(1, 'Kosmetik', 'kosmetik', 'category_images/0GgRPEv6u6WKuQ57IU39eMfL7XgW2MkJzyDqzV58.jpg', 1, NULL, NULL, NULL, '2021-05-28 07:42:01', '2021-05-28 07:42:01'),
(2, 'Nutrisi', 'nutrisi', 'category_images/YdyNQBrE5SNf4EeljtE04C28gvEGL1Ty6VYQBRvE.jpg', 1, NULL, NULL, NULL, '2021-05-28 07:43:34', '2021-05-28 07:43:34');

-- --------------------------------------------------------

--
-- Struktur dari tabel `category_articles`
--

CREATE TABLE `category_articles` (
  `id` bigint(20) UNSIGNED NOT NULL,
  `category_name` varchar(255) COLLATE utf8mb4_unicode_ci NOT NULL,
  `caption` text COLLATE utf8mb4_unicode_ci NOT NULL,
  `deleted_at` timestamp NULL DEFAULT NULL,
  `created_at` timestamp NULL DEFAULT NULL,
  `updated_at` timestamp NULL DEFAULT NULL
) ENGINE=InnoDB DEFAULT CHARSET=utf8mb4 COLLATE=utf8mb4_unicode_ci;

--
-- Dumping data untuk tabel `category_articles`
--

INSERT INTO `category_articles` (`id`, `category_name`, `caption`, `deleted_at`, `created_at`, `updated_at`) VALUES
(1, 'Bisnis Evoush', 'Category yang menyajikan informasi seputar berbisnis di evoush', NULL, '2021-06-28 09:51:40', '2021-06-28 23:54:22'),
(2, 'News', 'Category yang menyajikan informasi terupdate seputar evoush dan event event yang akan diselenggarakan evoush', NULL, '2021-06-28 09:52:30', '2021-06-28 09:52:30'),
(3, 'Umum', 'Category dengan tujuan untuk menyajikan informasi bebas, baik berupa kegiatan kantor dan juga para member, yang di khususkan bagi kalangan evousher', NULL, '2021-06-28 09:53:39', '2021-06-28 09:53:39');

-- --------------------------------------------------------

--
-- Struktur dari tabel `category_message`
--

CREATE TABLE `category_message` (
  `id` bigint(20) UNSIGNED NOT NULL,
  `category_name` varchar(255) COLLATE utf8mb4_unicode_ci NOT NULL,
  `caption` text COLLATE utf8mb4_unicode_ci NOT NULL,
  `deleted_at` timestamp NULL DEFAULT NULL,
  `created_at` timestamp NULL DEFAULT NULL,
  `updated_at` timestamp NULL DEFAULT NULL
) ENGINE=InnoDB DEFAULT CHARSET=utf8mb4 COLLATE=utf8mb4_unicode_ci;

--
-- Dumping data untuk tabel `category_message`
--

INSERT INTO `category_message` (`id`, `category_name`, `caption`, `deleted_at`, `created_at`, `updated_at`) VALUES
(1, 'Pingpong', '', NULL, '2021-06-02 01:43:13', '2021-08-22 21:15:39'),
(2, 'Zumba', '', NULL, '2021-06-02 01:44:37', '2021-08-22 21:15:36'),
(3, 'Tiktok', '', NULL, '2021-06-02 08:23:32', '2021-08-22 21:15:32'),
(4, 'Makeup', '', NULL, NULL, '2021-08-22 21:15:27'),
(5, 'Umum', 'Pertanyaan bebas yang bisa anda ajukan seputar evoush', NULL, '2021-08-22 21:21:05', '2021-08-22 21:36:45'),
(6, 'Product evoush', 'Pertanyaan-pertanyaan yang bisa anda kirim kepada kami mengenai product knowledge', NULL, '2021-08-22 21:37:03', '2021-08-22 21:37:03'),
(7, 'Bisnis evoush', 'Pertanyaan yang bisa anda ajukan seputar bisnis evoush', NULL, '2021-08-22 21:37:12', '2021-08-22 21:37:12');

-- --------------------------------------------------------

--
-- Struktur dari tabel `category_product`
--

CREATE TABLE `category_product` (
  `id` int(10) UNSIGNED NOT NULL,
  `product_id` int(10) UNSIGNED DEFAULT NULL,
  `category_id` int(10) UNSIGNED DEFAULT NULL,
  `created_at` timestamp NULL DEFAULT NULL,
  `updated_at` timestamp NULL DEFAULT NULL
) ENGINE=InnoDB DEFAULT CHARSET=utf8mb4 COLLATE=utf8mb4_unicode_ci;

--
-- Dumping data untuk tabel `category_product`
--

INSERT INTO `category_product` (`id`, `product_id`, `category_id`, `created_at`, `updated_at`) VALUES
(13, 1, 2, NULL, NULL),
(14, 2, 2, NULL, NULL),
(15, 3, 2, NULL, NULL),
(16, 4, 1, NULL, NULL),
(17, 5, 1, NULL, NULL),
(18, 6, 1, NULL, NULL),
(20, 8, 1, NULL, NULL),
(21, 9, 1, NULL, NULL),
(22, 10, 1, NULL, NULL),
(23, 11, 1, NULL, NULL),
(24, 12, 1, NULL, NULL),
(25, 13, 1, NULL, NULL),
(26, 14, 2, NULL, NULL);

-- --------------------------------------------------------

--
-- Struktur dari tabel `cities`
--

CREATE TABLE `cities` (
  `id` bigint(20) UNSIGNED NOT NULL,
  `province_id` int(10) UNSIGNED NOT NULL,
  `city_id` int(10) UNSIGNED NOT NULL,
  `name` varchar(191) COLLATE utf8mb4_unicode_ci NOT NULL,
  `created_at` timestamp NULL DEFAULT NULL,
  `updated_at` timestamp NULL DEFAULT NULL
) ENGINE=InnoDB DEFAULT CHARSET=utf8mb4 COLLATE=utf8mb4_unicode_ci;

--
-- Dumping data untuk tabel `cities`
--

INSERT INTO `cities` (`id`, `province_id`, `city_id`, `name`, `created_at`, `updated_at`) VALUES
(1, 1, 17, 'Badung', '2021-09-13 21:11:53', '2021-09-13 21:11:53'),
(2, 1, 32, 'Bangli', '2021-09-13 21:11:53', '2021-09-13 21:11:53'),
(3, 1, 94, 'Buleleng', '2021-09-13 21:11:53', '2021-09-13 21:11:53'),
(4, 1, 114, 'Denpasar', '2021-09-13 21:11:53', '2021-09-13 21:11:53'),
(5, 1, 128, 'Gianyar', '2021-09-13 21:11:53', '2021-09-13 21:11:53'),
(6, 1, 161, 'Jembrana', '2021-09-13 21:11:53', '2021-09-13 21:11:53'),
(7, 1, 170, 'Karangasem', '2021-09-13 21:11:53', '2021-09-13 21:11:53'),
(8, 1, 197, 'Klungkung', '2021-09-13 21:11:53', '2021-09-13 21:11:53'),
(9, 1, 447, 'Tabanan', '2021-09-13 21:11:53', '2021-09-13 21:11:53'),
(10, 2, 27, 'Bangka', '2021-09-13 21:11:54', '2021-09-13 21:11:54'),
(11, 2, 28, 'Bangka Barat', '2021-09-13 21:11:54', '2021-09-13 21:11:54'),
(12, 2, 29, 'Bangka Selatan', '2021-09-13 21:11:54', '2021-09-13 21:11:54'),
(13, 2, 30, 'Bangka Tengah', '2021-09-13 21:11:55', '2021-09-13 21:11:55'),
(14, 2, 56, 'Belitung', '2021-09-13 21:11:55', '2021-09-13 21:11:55'),
(15, 2, 57, 'Belitung Timur', '2021-09-13 21:11:55', '2021-09-13 21:11:55'),
(16, 2, 334, 'Pangkal Pinang', '2021-09-13 21:11:55', '2021-09-13 21:11:55'),
(17, 3, 106, 'Cilegon', '2021-09-13 21:11:56', '2021-09-13 21:11:56'),
(18, 3, 232, 'Lebak', '2021-09-13 21:11:56', '2021-09-13 21:11:56'),
(19, 3, 331, 'Pandeglang', '2021-09-13 21:11:56', '2021-09-13 21:11:56'),
(20, 3, 402, 'Serang', '2021-09-13 21:11:56', '2021-09-13 21:11:56'),
(21, 3, 403, 'Serang', '2021-09-13 21:11:56', '2021-09-13 21:11:56'),
(22, 3, 455, 'Tangerang', '2021-09-13 21:11:56', '2021-09-13 21:11:56'),
(23, 3, 456, 'Tangerang', '2021-09-13 21:11:56', '2021-09-13 21:11:56'),
(24, 3, 457, 'Tangerang Selatan', '2021-09-13 21:11:56', '2021-09-13 21:11:56'),
(25, 4, 62, 'Bengkulu', '2021-09-13 21:11:58', '2021-09-13 21:11:58'),
(26, 4, 63, 'Bengkulu Selatan', '2021-09-13 21:11:58', '2021-09-13 21:11:58'),
(27, 4, 64, 'Bengkulu Tengah', '2021-09-13 21:11:58', '2021-09-13 21:11:58'),
(28, 4, 65, 'Bengkulu Utara', '2021-09-13 21:11:58', '2021-09-13 21:11:58'),
(29, 4, 175, 'Kaur', '2021-09-13 21:11:58', '2021-09-13 21:11:58'),
(30, 4, 183, 'Kepahiang', '2021-09-13 21:11:58', '2021-09-13 21:11:58'),
(31, 4, 233, 'Lebong', '2021-09-13 21:11:58', '2021-09-13 21:11:58'),
(32, 4, 294, 'Muko Muko', '2021-09-13 21:11:58', '2021-09-13 21:11:58'),
(33, 4, 379, 'Rejang Lebong', '2021-09-13 21:11:58', '2021-09-13 21:11:58'),
(34, 4, 397, 'Seluma', '2021-09-13 21:11:58', '2021-09-13 21:11:58'),
(35, 5, 39, 'Bantul', '2021-09-13 21:12:00', '2021-09-13 21:12:00'),
(36, 5, 135, 'Gunung Kidul', '2021-09-13 21:12:00', '2021-09-13 21:12:00'),
(37, 5, 210, 'Kulon Progo', '2021-09-13 21:12:00', '2021-09-13 21:12:00'),
(38, 5, 419, 'Sleman', '2021-09-13 21:12:00', '2021-09-13 21:12:00'),
(39, 5, 501, 'Yogyakarta', '2021-09-13 21:12:00', '2021-09-13 21:12:00'),
(40, 6, 151, 'Jakarta Barat', '2021-09-13 21:12:02', '2021-09-13 21:12:02'),
(41, 6, 152, 'Jakarta Pusat', '2021-09-13 21:12:02', '2021-09-13 21:12:02'),
(42, 6, 153, 'Jakarta Selatan', '2021-09-13 21:12:02', '2021-09-13 21:12:02'),
(43, 6, 154, 'Jakarta Timur', '2021-09-13 21:12:02', '2021-09-13 21:12:02'),
(44, 6, 155, 'Jakarta Utara', '2021-09-13 21:12:02', '2021-09-13 21:12:02'),
(45, 6, 189, 'Kepulauan Seribu', '2021-09-13 21:12:02', '2021-09-13 21:12:02'),
(46, 7, 77, 'Boalemo', '2021-09-13 21:12:03', '2021-09-13 21:12:03'),
(47, 7, 88, 'Bone Bolango', '2021-09-13 21:12:03', '2021-09-13 21:12:03'),
(48, 7, 129, 'Gorontalo', '2021-09-13 21:12:03', '2021-09-13 21:12:03'),
(49, 7, 130, 'Gorontalo', '2021-09-13 21:12:03', '2021-09-13 21:12:03'),
(50, 7, 131, 'Gorontalo Utara', '2021-09-13 21:12:03', '2021-09-13 21:12:03'),
(51, 7, 361, 'Pohuwato', '2021-09-13 21:12:04', '2021-09-13 21:12:04'),
(52, 8, 50, 'Batang Hari', '2021-09-13 21:12:05', '2021-09-13 21:12:05'),
(53, 8, 97, 'Bungo', '2021-09-13 21:12:05', '2021-09-13 21:12:05'),
(54, 8, 156, 'Jambi', '2021-09-13 21:12:05', '2021-09-13 21:12:05'),
(55, 8, 194, 'Kerinci', '2021-09-13 21:12:05', '2021-09-13 21:12:05'),
(56, 8, 280, 'Merangin', '2021-09-13 21:12:05', '2021-09-13 21:12:05'),
(57, 8, 293, 'Muaro Jambi', '2021-09-13 21:12:05', '2021-09-13 21:12:05'),
(58, 8, 393, 'Sarolangun', '2021-09-13 21:12:05', '2021-09-13 21:12:05'),
(59, 8, 442, 'Sungaipenuh', '2021-09-13 21:12:06', '2021-09-13 21:12:06'),
(60, 8, 460, 'Tanjung Jabung Barat', '2021-09-13 21:12:06', '2021-09-13 21:12:06'),
(61, 8, 461, 'Tanjung Jabung Timur', '2021-09-13 21:12:06', '2021-09-13 21:12:06'),
(62, 8, 471, 'Tebo', '2021-09-13 21:12:06', '2021-09-13 21:12:06'),
(63, 9, 22, 'Bandung', '2021-09-13 21:12:07', '2021-09-13 21:12:07'),
(64, 9, 23, 'Bandung', '2021-09-13 21:12:07', '2021-09-13 21:12:07'),
(65, 9, 24, 'Bandung Barat', '2021-09-13 21:12:07', '2021-09-13 21:12:07'),
(66, 9, 34, 'Banjar', '2021-09-13 21:12:07', '2021-09-13 21:12:07'),
(67, 9, 54, 'Bekasi', '2021-09-13 21:12:07', '2021-09-13 21:12:07'),
(68, 9, 55, 'Bekasi', '2021-09-13 21:12:07', '2021-09-13 21:12:07'),
(69, 9, 78, 'Bogor', '2021-09-13 21:12:07', '2021-09-13 21:12:07'),
(70, 9, 79, 'Bogor', '2021-09-13 21:12:07', '2021-09-13 21:12:07'),
(71, 9, 103, 'Ciamis', '2021-09-13 21:12:07', '2021-09-13 21:12:07'),
(72, 9, 104, 'Cianjur', '2021-09-13 21:12:07', '2021-09-13 21:12:07'),
(73, 9, 107, 'Cimahi', '2021-09-13 21:12:07', '2021-09-13 21:12:07'),
(74, 9, 108, 'Cirebon', '2021-09-13 21:12:08', '2021-09-13 21:12:08'),
(75, 9, 109, 'Cirebon', '2021-09-13 21:12:08', '2021-09-13 21:12:08'),
(76, 9, 115, 'Depok', '2021-09-13 21:12:08', '2021-09-13 21:12:08'),
(77, 9, 126, 'Garut', '2021-09-13 21:12:08', '2021-09-13 21:12:08'),
(78, 9, 149, 'Indramayu', '2021-09-13 21:12:08', '2021-09-13 21:12:08'),
(79, 9, 171, 'Karawang', '2021-09-13 21:12:08', '2021-09-13 21:12:08'),
(80, 9, 211, 'Kuningan', '2021-09-13 21:12:08', '2021-09-13 21:12:08'),
(81, 9, 252, 'Majalengka', '2021-09-13 21:12:08', '2021-09-13 21:12:08'),
(82, 9, 332, 'Pangandaran', '2021-09-13 21:12:08', '2021-09-13 21:12:08'),
(83, 9, 376, 'Purwakarta', '2021-09-13 21:12:08', '2021-09-13 21:12:08'),
(84, 9, 428, 'Subang', '2021-09-13 21:12:09', '2021-09-13 21:12:09'),
(85, 9, 430, 'Sukabumi', '2021-09-13 21:12:09', '2021-09-13 21:12:09'),
(86, 9, 431, 'Sukabumi', '2021-09-13 21:12:09', '2021-09-13 21:12:09'),
(87, 9, 440, 'Sumedang', '2021-09-13 21:12:09', '2021-09-13 21:12:09'),
(88, 9, 468, 'Tasikmalaya', '2021-09-13 21:12:09', '2021-09-13 21:12:09'),
(89, 9, 469, 'Tasikmalaya', '2021-09-13 21:12:09', '2021-09-13 21:12:09'),
(90, 10, 37, 'Banjarnegara', '2021-09-13 21:12:10', '2021-09-13 21:12:10'),
(91, 10, 41, 'Banyumas', '2021-09-13 21:12:10', '2021-09-13 21:12:10'),
(92, 10, 49, 'Batang', '2021-09-13 21:12:10', '2021-09-13 21:12:10'),
(93, 10, 76, 'Blora', '2021-09-13 21:12:10', '2021-09-13 21:12:10'),
(94, 10, 91, 'Boyolali', '2021-09-13 21:12:10', '2021-09-13 21:12:10'),
(95, 10, 92, 'Brebes', '2021-09-13 21:12:10', '2021-09-13 21:12:10'),
(96, 10, 105, 'Cilacap', '2021-09-13 21:12:10', '2021-09-13 21:12:10'),
(97, 10, 113, 'Demak', '2021-09-13 21:12:10', '2021-09-13 21:12:10'),
(98, 10, 134, 'Grobogan', '2021-09-13 21:12:11', '2021-09-13 21:12:11'),
(99, 10, 163, 'Jepara', '2021-09-13 21:12:11', '2021-09-13 21:12:11'),
(100, 10, 169, 'Karanganyar', '2021-09-13 21:12:11', '2021-09-13 21:12:11'),
(101, 10, 177, 'Kebumen', '2021-09-13 21:12:11', '2021-09-13 21:12:11'),
(102, 10, 181, 'Kendal', '2021-09-13 21:12:11', '2021-09-13 21:12:11'),
(103, 10, 196, 'Klaten', '2021-09-13 21:12:11', '2021-09-13 21:12:11'),
(104, 10, 209, 'Kudus', '2021-09-13 21:12:11', '2021-09-13 21:12:11'),
(105, 10, 249, 'Magelang', '2021-09-13 21:12:11', '2021-09-13 21:12:11'),
(106, 10, 250, 'Magelang', '2021-09-13 21:12:11', '2021-09-13 21:12:11'),
(107, 10, 344, 'Pati', '2021-09-13 21:12:11', '2021-09-13 21:12:11'),
(108, 10, 348, 'Pekalongan', '2021-09-13 21:12:11', '2021-09-13 21:12:11'),
(109, 10, 349, 'Pekalongan', '2021-09-13 21:12:11', '2021-09-13 21:12:11'),
(110, 10, 352, 'Pemalang', '2021-09-13 21:12:11', '2021-09-13 21:12:11'),
(111, 10, 375, 'Purbalingga', '2021-09-13 21:12:11', '2021-09-13 21:12:11'),
(112, 10, 377, 'Purworejo', '2021-09-13 21:12:11', '2021-09-13 21:12:11'),
(113, 10, 380, 'Rembang', '2021-09-13 21:12:11', '2021-09-13 21:12:11'),
(114, 10, 386, 'Salatiga', '2021-09-13 21:12:11', '2021-09-13 21:12:11'),
(115, 10, 398, 'Semarang', '2021-09-13 21:12:12', '2021-09-13 21:12:12'),
(116, 10, 399, 'Semarang', '2021-09-13 21:12:12', '2021-09-13 21:12:12'),
(117, 10, 427, 'Sragen', '2021-09-13 21:12:12', '2021-09-13 21:12:12'),
(118, 10, 433, 'Sukoharjo', '2021-09-13 21:12:12', '2021-09-13 21:12:12'),
(119, 10, 445, 'Surakarta (Solo)', '2021-09-13 21:12:12', '2021-09-13 21:12:12'),
(120, 10, 472, 'Tegal', '2021-09-13 21:12:12', '2021-09-13 21:12:12'),
(121, 10, 473, 'Tegal', '2021-09-13 21:12:12', '2021-09-13 21:12:12'),
(122, 10, 476, 'Temanggung', '2021-09-13 21:12:12', '2021-09-13 21:12:12'),
(123, 10, 497, 'Wonogiri', '2021-09-13 21:12:12', '2021-09-13 21:12:12'),
(124, 10, 498, 'Wonosobo', '2021-09-13 21:12:12', '2021-09-13 21:12:12'),
(125, 11, 31, 'Bangkalan', '2021-09-13 21:12:13', '2021-09-13 21:12:13'),
(126, 11, 42, 'Banyuwangi', '2021-09-13 21:12:13', '2021-09-13 21:12:13'),
(127, 11, 51, 'Batu', '2021-09-13 21:12:13', '2021-09-13 21:12:13'),
(128, 11, 74, 'Blitar', '2021-09-13 21:12:13', '2021-09-13 21:12:13'),
(129, 11, 75, 'Blitar', '2021-09-13 21:12:13', '2021-09-13 21:12:13'),
(130, 11, 80, 'Bojonegoro', '2021-09-13 21:12:13', '2021-09-13 21:12:13'),
(131, 11, 86, 'Bondowoso', '2021-09-13 21:12:13', '2021-09-13 21:12:13'),
(132, 11, 133, 'Gresik', '2021-09-13 21:12:13', '2021-09-13 21:12:13'),
(133, 11, 160, 'Jember', '2021-09-13 21:12:13', '2021-09-13 21:12:13'),
(134, 11, 164, 'Jombang', '2021-09-13 21:12:13', '2021-09-13 21:12:13'),
(135, 11, 178, 'Kediri', '2021-09-13 21:12:14', '2021-09-13 21:12:14'),
(136, 11, 179, 'Kediri', '2021-09-13 21:12:14', '2021-09-13 21:12:14'),
(137, 11, 222, 'Lamongan', '2021-09-13 21:12:14', '2021-09-13 21:12:14'),
(138, 11, 243, 'Lumajang', '2021-09-13 21:12:14', '2021-09-13 21:12:14'),
(139, 11, 247, 'Madiun', '2021-09-13 21:12:14', '2021-09-13 21:12:14'),
(140, 11, 248, 'Madiun', '2021-09-13 21:12:14', '2021-09-13 21:12:14'),
(141, 11, 251, 'Magetan', '2021-09-13 21:12:14', '2021-09-13 21:12:14'),
(142, 11, 256, 'Malang', '2021-09-13 21:12:14', '2021-09-13 21:12:14'),
(143, 11, 255, 'Malang', '2021-09-13 21:12:14', '2021-09-13 21:12:14'),
(144, 11, 289, 'Mojokerto', '2021-09-13 21:12:14', '2021-09-13 21:12:14'),
(145, 11, 290, 'Mojokerto', '2021-09-13 21:12:14', '2021-09-13 21:12:14'),
(146, 11, 305, 'Nganjuk', '2021-09-13 21:12:14', '2021-09-13 21:12:14'),
(147, 11, 306, 'Ngawi', '2021-09-13 21:12:14', '2021-09-13 21:12:14'),
(148, 11, 317, 'Pacitan', '2021-09-13 21:12:14', '2021-09-13 21:12:14'),
(149, 11, 330, 'Pamekasan', '2021-09-13 21:12:14', '2021-09-13 21:12:14'),
(150, 11, 342, 'Pasuruan', '2021-09-13 21:12:14', '2021-09-13 21:12:14'),
(151, 11, 343, 'Pasuruan', '2021-09-13 21:12:14', '2021-09-13 21:12:14'),
(152, 11, 363, 'Ponorogo', '2021-09-13 21:12:14', '2021-09-13 21:12:14'),
(153, 11, 369, 'Probolinggo', '2021-09-13 21:12:14', '2021-09-13 21:12:14'),
(154, 11, 370, 'Probolinggo', '2021-09-13 21:12:14', '2021-09-13 21:12:14'),
(155, 11, 390, 'Sampang', '2021-09-13 21:12:14', '2021-09-13 21:12:14'),
(156, 11, 409, 'Sidoarjo', '2021-09-13 21:12:14', '2021-09-13 21:12:14'),
(157, 11, 418, 'Situbondo', '2021-09-13 21:12:14', '2021-09-13 21:12:14'),
(158, 11, 441, 'Sumenep', '2021-09-13 21:12:15', '2021-09-13 21:12:15'),
(159, 11, 444, 'Surabaya', '2021-09-13 21:12:15', '2021-09-13 21:12:15'),
(160, 11, 487, 'Trenggalek', '2021-09-13 21:12:15', '2021-09-13 21:12:15'),
(161, 11, 489, 'Tuban', '2021-09-13 21:12:15', '2021-09-13 21:12:15'),
(162, 11, 492, 'Tulungagung', '2021-09-13 21:12:15', '2021-09-13 21:12:15'),
(163, 12, 61, 'Bengkayang', '2021-09-13 21:12:16', '2021-09-13 21:12:16'),
(164, 12, 168, 'Kapuas Hulu', '2021-09-13 21:12:16', '2021-09-13 21:12:16'),
(165, 12, 176, 'Kayong Utara', '2021-09-13 21:12:16', '2021-09-13 21:12:16'),
(166, 12, 195, 'Ketapang', '2021-09-13 21:12:16', '2021-09-13 21:12:16'),
(167, 12, 208, 'Kubu Raya', '2021-09-13 21:12:16', '2021-09-13 21:12:16'),
(168, 12, 228, 'Landak', '2021-09-13 21:12:16', '2021-09-13 21:12:16'),
(169, 12, 279, 'Melawi', '2021-09-13 21:12:16', '2021-09-13 21:12:16'),
(170, 12, 364, 'Pontianak', '2021-09-13 21:12:16', '2021-09-13 21:12:16'),
(171, 12, 365, 'Pontianak', '2021-09-13 21:12:16', '2021-09-13 21:12:16'),
(172, 12, 388, 'Sambas', '2021-09-13 21:12:16', '2021-09-13 21:12:16'),
(173, 12, 391, 'Sanggau', '2021-09-13 21:12:16', '2021-09-13 21:12:16'),
(174, 12, 395, 'Sekadau', '2021-09-13 21:12:16', '2021-09-13 21:12:16'),
(175, 12, 415, 'Singkawang', '2021-09-13 21:12:16', '2021-09-13 21:12:16'),
(176, 12, 417, 'Sintang', '2021-09-13 21:12:16', '2021-09-13 21:12:16'),
(177, 13, 18, 'Balangan', '2021-09-13 21:12:18', '2021-09-13 21:12:18'),
(178, 13, 33, 'Banjar', '2021-09-13 21:12:18', '2021-09-13 21:12:18'),
(179, 13, 35, 'Banjarbaru', '2021-09-13 21:12:18', '2021-09-13 21:12:18'),
(180, 13, 36, 'Banjarmasin', '2021-09-13 21:12:18', '2021-09-13 21:12:18'),
(181, 13, 43, 'Barito Kuala', '2021-09-13 21:12:18', '2021-09-13 21:12:18'),
(182, 13, 143, 'Hulu Sungai Selatan', '2021-09-13 21:12:18', '2021-09-13 21:12:18'),
(183, 13, 144, 'Hulu Sungai Tengah', '2021-09-13 21:12:18', '2021-09-13 21:12:18'),
(184, 13, 145, 'Hulu Sungai Utara', '2021-09-13 21:12:18', '2021-09-13 21:12:18'),
(185, 13, 203, 'Kotabaru', '2021-09-13 21:12:18', '2021-09-13 21:12:18'),
(186, 13, 446, 'Tabalong', '2021-09-13 21:12:18', '2021-09-13 21:12:18'),
(187, 13, 452, 'Tanah Bumbu', '2021-09-13 21:12:18', '2021-09-13 21:12:18'),
(188, 13, 454, 'Tanah Laut', '2021-09-13 21:12:18', '2021-09-13 21:12:18'),
(189, 13, 466, 'Tapin', '2021-09-13 21:12:18', '2021-09-13 21:12:18'),
(190, 14, 44, 'Barito Selatan', '2021-09-13 21:12:19', '2021-09-13 21:12:19'),
(191, 14, 45, 'Barito Timur', '2021-09-13 21:12:19', '2021-09-13 21:12:19'),
(192, 14, 46, 'Barito Utara', '2021-09-13 21:12:19', '2021-09-13 21:12:19'),
(193, 14, 136, 'Gunung Mas', '2021-09-13 21:12:19', '2021-09-13 21:12:19'),
(194, 14, 167, 'Kapuas', '2021-09-13 21:12:19', '2021-09-13 21:12:19'),
(195, 14, 174, 'Katingan', '2021-09-13 21:12:19', '2021-09-13 21:12:19'),
(196, 14, 205, 'Kotawaringin Barat', '2021-09-13 21:12:19', '2021-09-13 21:12:19'),
(197, 14, 206, 'Kotawaringin Timur', '2021-09-13 21:12:20', '2021-09-13 21:12:20'),
(198, 14, 221, 'Lamandau', '2021-09-13 21:12:20', '2021-09-13 21:12:20'),
(199, 14, 296, 'Murung Raya', '2021-09-13 21:12:20', '2021-09-13 21:12:20'),
(200, 14, 326, 'Palangka Raya', '2021-09-13 21:12:20', '2021-09-13 21:12:20'),
(201, 14, 371, 'Pulang Pisau', '2021-09-13 21:12:20', '2021-09-13 21:12:20'),
(202, 14, 405, 'Seruyan', '2021-09-13 21:12:20', '2021-09-13 21:12:20'),
(203, 14, 432, 'Sukamara', '2021-09-13 21:12:20', '2021-09-13 21:12:20'),
(204, 15, 19, 'Balikpapan', '2021-09-13 21:12:23', '2021-09-13 21:12:23'),
(205, 15, 66, 'Berau', '2021-09-13 21:12:23', '2021-09-13 21:12:23'),
(206, 15, 89, 'Bontang', '2021-09-13 21:12:23', '2021-09-13 21:12:23'),
(207, 15, 214, 'Kutai Barat', '2021-09-13 21:12:23', '2021-09-13 21:12:23'),
(208, 15, 215, 'Kutai Kartanegara', '2021-09-13 21:12:23', '2021-09-13 21:12:23'),
(209, 15, 216, 'Kutai Timur', '2021-09-13 21:12:23', '2021-09-13 21:12:23'),
(210, 15, 341, 'Paser', '2021-09-13 21:12:23', '2021-09-13 21:12:23'),
(211, 15, 354, 'Penajam Paser Utara', '2021-09-13 21:12:23', '2021-09-13 21:12:23'),
(212, 15, 387, 'Samarinda', '2021-09-13 21:12:23', '2021-09-13 21:12:23'),
(213, 16, 96, 'Bulungan (Bulongan)', '2021-09-13 21:12:25', '2021-09-13 21:12:25'),
(214, 16, 257, 'Malinau', '2021-09-13 21:12:25', '2021-09-13 21:12:25'),
(215, 16, 311, 'Nunukan', '2021-09-13 21:12:25', '2021-09-13 21:12:25'),
(216, 16, 450, 'Tana Tidung', '2021-09-13 21:12:25', '2021-09-13 21:12:25'),
(217, 16, 467, 'Tarakan', '2021-09-13 21:12:25', '2021-09-13 21:12:25'),
(218, 17, 48, 'Batam', '2021-09-13 21:12:27', '2021-09-13 21:12:27'),
(219, 17, 71, 'Bintan', '2021-09-13 21:12:27', '2021-09-13 21:12:27'),
(220, 17, 172, 'Karimun', '2021-09-13 21:12:27', '2021-09-13 21:12:27'),
(221, 17, 184, 'Kepulauan Anambas', '2021-09-13 21:12:27', '2021-09-13 21:12:27'),
(222, 17, 237, 'Lingga', '2021-09-13 21:12:27', '2021-09-13 21:12:27'),
(223, 17, 302, 'Natuna', '2021-09-13 21:12:27', '2021-09-13 21:12:27'),
(224, 17, 462, 'Tanjung Pinang', '2021-09-13 21:12:28', '2021-09-13 21:12:28'),
(225, 18, 21, 'Bandar Lampung', '2021-09-13 21:12:29', '2021-09-13 21:12:29'),
(226, 18, 223, 'Lampung Barat', '2021-09-13 21:12:29', '2021-09-13 21:12:29'),
(227, 18, 224, 'Lampung Selatan', '2021-09-13 21:12:29', '2021-09-13 21:12:29'),
(228, 18, 225, 'Lampung Tengah', '2021-09-13 21:12:29', '2021-09-13 21:12:29'),
(229, 18, 226, 'Lampung Timur', '2021-09-13 21:12:29', '2021-09-13 21:12:29'),
(230, 18, 227, 'Lampung Utara', '2021-09-13 21:12:29', '2021-09-13 21:12:29'),
(231, 18, 282, 'Mesuji', '2021-09-13 21:12:29', '2021-09-13 21:12:29'),
(232, 18, 283, 'Metro', '2021-09-13 21:12:29', '2021-09-13 21:12:29'),
(233, 18, 355, 'Pesawaran', '2021-09-13 21:12:29', '2021-09-13 21:12:29'),
(234, 18, 356, 'Pesisir Barat', '2021-09-13 21:12:29', '2021-09-13 21:12:29'),
(235, 18, 368, 'Pringsewu', '2021-09-13 21:12:29', '2021-09-13 21:12:29'),
(236, 18, 458, 'Tanggamus', '2021-09-13 21:12:29', '2021-09-13 21:12:29'),
(237, 18, 490, 'Tulang Bawang', '2021-09-13 21:12:30', '2021-09-13 21:12:30'),
(238, 18, 491, 'Tulang Bawang Barat', '2021-09-13 21:12:30', '2021-09-13 21:12:30'),
(239, 18, 496, 'Way Kanan', '2021-09-13 21:12:30', '2021-09-13 21:12:30'),
(240, 19, 14, 'Ambon', '2021-09-13 21:12:31', '2021-09-13 21:12:31'),
(241, 19, 99, 'Buru', '2021-09-13 21:12:31', '2021-09-13 21:12:31'),
(242, 19, 100, 'Buru Selatan', '2021-09-13 21:12:31', '2021-09-13 21:12:31'),
(243, 19, 185, 'Kepulauan Aru', '2021-09-13 21:12:31', '2021-09-13 21:12:31'),
(244, 19, 258, 'Maluku Barat Daya', '2021-09-13 21:12:31', '2021-09-13 21:12:31'),
(245, 19, 259, 'Maluku Tengah', '2021-09-13 21:12:31', '2021-09-13 21:12:31'),
(246, 19, 260, 'Maluku Tenggara', '2021-09-13 21:12:31', '2021-09-13 21:12:31'),
(247, 19, 261, 'Maluku Tenggara Barat', '2021-09-13 21:12:31', '2021-09-13 21:12:31'),
(248, 19, 400, 'Seram Bagian Barat', '2021-09-13 21:12:31', '2021-09-13 21:12:31'),
(249, 19, 401, 'Seram Bagian Timur', '2021-09-13 21:12:32', '2021-09-13 21:12:32'),
(250, 19, 488, 'Tual', '2021-09-13 21:12:32', '2021-09-13 21:12:32'),
(251, 20, 138, 'Halmahera Barat', '2021-09-13 21:12:33', '2021-09-13 21:12:33'),
(252, 20, 139, 'Halmahera Selatan', '2021-09-13 21:12:33', '2021-09-13 21:12:33'),
(253, 20, 140, 'Halmahera Tengah', '2021-09-13 21:12:33', '2021-09-13 21:12:33'),
(254, 20, 141, 'Halmahera Timur', '2021-09-13 21:12:33', '2021-09-13 21:12:33'),
(255, 20, 142, 'Halmahera Utara', '2021-09-13 21:12:33', '2021-09-13 21:12:33'),
(256, 20, 191, 'Kepulauan Sula', '2021-09-13 21:12:33', '2021-09-13 21:12:33'),
(257, 20, 372, 'Pulau Morotai', '2021-09-13 21:12:33', '2021-09-13 21:12:33'),
(258, 20, 477, 'Ternate', '2021-09-13 21:12:33', '2021-09-13 21:12:33'),
(259, 20, 478, 'Tidore Kepulauan', '2021-09-13 21:12:33', '2021-09-13 21:12:33'),
(260, 21, 1, 'Aceh Barat', '2021-09-13 21:12:35', '2021-09-13 21:12:35'),
(261, 21, 2, 'Aceh Barat Daya', '2021-09-13 21:12:35', '2021-09-13 21:12:35'),
(262, 21, 3, 'Aceh Besar', '2021-09-13 21:12:35', '2021-09-13 21:12:35'),
(263, 21, 4, 'Aceh Jaya', '2021-09-13 21:12:35', '2021-09-13 21:12:35'),
(264, 21, 5, 'Aceh Selatan', '2021-09-13 21:12:35', '2021-09-13 21:12:35'),
(265, 21, 6, 'Aceh Singkil', '2021-09-13 21:12:35', '2021-09-13 21:12:35'),
(266, 21, 7, 'Aceh Tamiang', '2021-09-13 21:12:35', '2021-09-13 21:12:35'),
(267, 21, 8, 'Aceh Tengah', '2021-09-13 21:12:35', '2021-09-13 21:12:35'),
(268, 21, 9, 'Aceh Tenggara', '2021-09-13 21:12:35', '2021-09-13 21:12:35'),
(269, 21, 10, 'Aceh Timur', '2021-09-13 21:12:35', '2021-09-13 21:12:35'),
(270, 21, 11, 'Aceh Utara', '2021-09-13 21:12:35', '2021-09-13 21:12:35'),
(271, 21, 20, 'Banda Aceh', '2021-09-13 21:12:35', '2021-09-13 21:12:35'),
(272, 21, 59, 'Bener Meriah', '2021-09-13 21:12:35', '2021-09-13 21:12:35'),
(273, 21, 72, 'Bireuen', '2021-09-13 21:12:35', '2021-09-13 21:12:35'),
(274, 21, 127, 'Gayo Lues', '2021-09-13 21:12:35', '2021-09-13 21:12:35'),
(275, 21, 230, 'Langsa', '2021-09-13 21:12:35', '2021-09-13 21:12:35'),
(276, 21, 235, 'Lhokseumawe', '2021-09-13 21:12:35', '2021-09-13 21:12:35'),
(277, 21, 300, 'Nagan Raya', '2021-09-13 21:12:35', '2021-09-13 21:12:35'),
(278, 21, 358, 'Pidie', '2021-09-13 21:12:35', '2021-09-13 21:12:35'),
(279, 21, 359, 'Pidie Jaya', '2021-09-13 21:12:36', '2021-09-13 21:12:36'),
(280, 21, 384, 'Sabang', '2021-09-13 21:12:36', '2021-09-13 21:12:36'),
(281, 21, 414, 'Simeulue', '2021-09-13 21:12:36', '2021-09-13 21:12:36'),
(282, 21, 429, 'Subulussalam', '2021-09-13 21:12:36', '2021-09-13 21:12:36'),
(283, 22, 68, 'Bima', '2021-09-13 21:12:37', '2021-09-13 21:12:37'),
(284, 22, 69, 'Bima', '2021-09-13 21:12:37', '2021-09-13 21:12:37'),
(285, 22, 118, 'Dompu', '2021-09-13 21:12:37', '2021-09-13 21:12:37'),
(286, 22, 238, 'Lombok Barat', '2021-09-13 21:12:37', '2021-09-13 21:12:37'),
(287, 22, 239, 'Lombok Tengah', '2021-09-13 21:12:37', '2021-09-13 21:12:37'),
(288, 22, 240, 'Lombok Timur', '2021-09-13 21:12:37', '2021-09-13 21:12:37'),
(289, 22, 241, 'Lombok Utara', '2021-09-13 21:12:37', '2021-09-13 21:12:37'),
(290, 22, 276, 'Mataram', '2021-09-13 21:12:37', '2021-09-13 21:12:37'),
(291, 22, 438, 'Sumbawa', '2021-09-13 21:12:37', '2021-09-13 21:12:37'),
(292, 22, 439, 'Sumbawa Barat', '2021-09-13 21:12:37', '2021-09-13 21:12:37'),
(293, 23, 13, 'Alor', '2021-09-13 21:12:39', '2021-09-13 21:12:39'),
(294, 23, 58, 'Belu', '2021-09-13 21:12:39', '2021-09-13 21:12:39'),
(295, 23, 122, 'Ende', '2021-09-13 21:12:39', '2021-09-13 21:12:39'),
(296, 23, 125, 'Flores Timur', '2021-09-13 21:12:39', '2021-09-13 21:12:39'),
(297, 23, 212, 'Kupang', '2021-09-13 21:12:39', '2021-09-13 21:12:39'),
(298, 23, 213, 'Kupang', '2021-09-13 21:12:39', '2021-09-13 21:12:39'),
(299, 23, 234, 'Lembata', '2021-09-13 21:12:39', '2021-09-13 21:12:39'),
(300, 23, 269, 'Manggarai', '2021-09-13 21:12:39', '2021-09-13 21:12:39'),
(301, 23, 270, 'Manggarai Barat', '2021-09-13 21:12:39', '2021-09-13 21:12:39'),
(302, 23, 271, 'Manggarai Timur', '2021-09-13 21:12:39', '2021-09-13 21:12:39'),
(303, 23, 301, 'Nagekeo', '2021-09-13 21:12:39', '2021-09-13 21:12:39'),
(304, 23, 304, 'Ngada', '2021-09-13 21:12:39', '2021-09-13 21:12:39'),
(305, 23, 383, 'Rote Ndao', '2021-09-13 21:12:40', '2021-09-13 21:12:40'),
(306, 23, 385, 'Sabu Raijua', '2021-09-13 21:12:40', '2021-09-13 21:12:40'),
(307, 23, 412, 'Sikka', '2021-09-13 21:12:40', '2021-09-13 21:12:40'),
(308, 23, 434, 'Sumba Barat', '2021-09-13 21:12:40', '2021-09-13 21:12:40'),
(309, 23, 435, 'Sumba Barat Daya', '2021-09-13 21:12:40', '2021-09-13 21:12:40'),
(310, 23, 436, 'Sumba Tengah', '2021-09-13 21:12:40', '2021-09-13 21:12:40'),
(311, 23, 437, 'Sumba Timur', '2021-09-13 21:12:40', '2021-09-13 21:12:40'),
(312, 23, 479, 'Timor Tengah Selatan', '2021-09-13 21:12:40', '2021-09-13 21:12:40'),
(313, 23, 480, 'Timor Tengah Utara', '2021-09-13 21:12:40', '2021-09-13 21:12:40'),
(314, 24, 16, 'Asmat', '2021-09-13 21:12:42', '2021-09-13 21:12:42'),
(315, 24, 67, 'Biak Numfor', '2021-09-13 21:12:42', '2021-09-13 21:12:42'),
(316, 24, 90, 'Boven Digoel', '2021-09-13 21:12:42', '2021-09-13 21:12:42'),
(317, 24, 111, 'Deiyai (Deliyai)', '2021-09-13 21:12:42', '2021-09-13 21:12:42'),
(318, 24, 117, 'Dogiyai', '2021-09-13 21:12:42', '2021-09-13 21:12:42'),
(319, 24, 150, 'Intan Jaya', '2021-09-13 21:12:42', '2021-09-13 21:12:42'),
(320, 24, 157, 'Jayapura', '2021-09-13 21:12:42', '2021-09-13 21:12:42'),
(321, 24, 158, 'Jayapura', '2021-09-13 21:12:42', '2021-09-13 21:12:42'),
(322, 24, 159, 'Jayawijaya', '2021-09-13 21:12:42', '2021-09-13 21:12:42'),
(323, 24, 180, 'Keerom', '2021-09-13 21:12:42', '2021-09-13 21:12:42'),
(324, 24, 193, 'Kepulauan Yapen (Yapen Waropen)', '2021-09-13 21:12:42', '2021-09-13 21:12:42'),
(325, 24, 231, 'Lanny Jaya', '2021-09-13 21:12:42', '2021-09-13 21:12:42'),
(326, 24, 263, 'Mamberamo Raya', '2021-09-13 21:12:42', '2021-09-13 21:12:42'),
(327, 24, 264, 'Mamberamo Tengah', '2021-09-13 21:12:42', '2021-09-13 21:12:42'),
(328, 24, 274, 'Mappi', '2021-09-13 21:12:42', '2021-09-13 21:12:42'),
(329, 24, 281, 'Merauke', '2021-09-13 21:12:42', '2021-09-13 21:12:42'),
(330, 24, 284, 'Mimika', '2021-09-13 21:12:42', '2021-09-13 21:12:42'),
(331, 24, 299, 'Nabire', '2021-09-13 21:12:42', '2021-09-13 21:12:42'),
(332, 24, 303, 'Nduga', '2021-09-13 21:12:43', '2021-09-13 21:12:43'),
(333, 24, 335, 'Paniai', '2021-09-13 21:12:43', '2021-09-13 21:12:43'),
(334, 24, 347, 'Pegunungan Bintang', '2021-09-13 21:12:43', '2021-09-13 21:12:43'),
(335, 24, 373, 'Puncak', '2021-09-13 21:12:43', '2021-09-13 21:12:43'),
(336, 24, 374, 'Puncak Jaya', '2021-09-13 21:12:43', '2021-09-13 21:12:43'),
(337, 24, 392, 'Sarmi', '2021-09-13 21:12:43', '2021-09-13 21:12:43'),
(338, 24, 443, 'Supiori', '2021-09-13 21:12:43', '2021-09-13 21:12:43'),
(339, 24, 484, 'Tolikara', '2021-09-13 21:12:43', '2021-09-13 21:12:43'),
(340, 24, 495, 'Waropen', '2021-09-13 21:12:43', '2021-09-13 21:12:43'),
(341, 24, 499, 'Yahukimo', '2021-09-13 21:12:43', '2021-09-13 21:12:43'),
(342, 24, 500, 'Yalimo', '2021-09-13 21:12:43', '2021-09-13 21:12:43'),
(343, 25, 124, 'Fakfak', '2021-09-13 21:12:47', '2021-09-13 21:12:47'),
(344, 25, 165, 'Kaimana', '2021-09-13 21:12:47', '2021-09-13 21:12:47'),
(345, 25, 272, 'Manokwari', '2021-09-13 21:12:47', '2021-09-13 21:12:47'),
(346, 25, 273, 'Manokwari Selatan', '2021-09-13 21:12:47', '2021-09-13 21:12:47'),
(347, 25, 277, 'Maybrat', '2021-09-13 21:12:47', '2021-09-13 21:12:47'),
(348, 25, 346, 'Pegunungan Arfak', '2021-09-13 21:12:47', '2021-09-13 21:12:47'),
(349, 25, 378, 'Raja Ampat', '2021-09-13 21:12:47', '2021-09-13 21:12:47'),
(350, 25, 424, 'Sorong', '2021-09-13 21:12:47', '2021-09-13 21:12:47'),
(351, 25, 425, 'Sorong', '2021-09-13 21:12:47', '2021-09-13 21:12:47'),
(352, 25, 426, 'Sorong Selatan', '2021-09-13 21:12:47', '2021-09-13 21:12:47'),
(353, 25, 449, 'Tambrauw', '2021-09-13 21:12:47', '2021-09-13 21:12:47'),
(354, 25, 474, 'Teluk Bintuni', '2021-09-13 21:12:47', '2021-09-13 21:12:47'),
(355, 25, 475, 'Teluk Wondama', '2021-09-13 21:12:47', '2021-09-13 21:12:47'),
(356, 26, 60, 'Bengkalis', '2021-09-13 21:12:49', '2021-09-13 21:12:49'),
(357, 26, 120, 'Dumai', '2021-09-13 21:12:49', '2021-09-13 21:12:49'),
(358, 26, 147, 'Indragiri Hilir', '2021-09-13 21:12:49', '2021-09-13 21:12:49'),
(359, 26, 148, 'Indragiri Hulu', '2021-09-13 21:12:49', '2021-09-13 21:12:49'),
(360, 26, 166, 'Kampar', '2021-09-13 21:12:49', '2021-09-13 21:12:49'),
(361, 26, 187, 'Kepulauan Meranti', '2021-09-13 21:12:49', '2021-09-13 21:12:49'),
(362, 26, 207, 'Kuantan Singingi', '2021-09-13 21:12:49', '2021-09-13 21:12:49'),
(363, 26, 350, 'Pekanbaru', '2021-09-13 21:12:49', '2021-09-13 21:12:49'),
(364, 26, 351, 'Pelalawan', '2021-09-13 21:12:49', '2021-09-13 21:12:49'),
(365, 26, 381, 'Rokan Hilir', '2021-09-13 21:12:49', '2021-09-13 21:12:49'),
(366, 26, 382, 'Rokan Hulu', '2021-09-13 21:12:49', '2021-09-13 21:12:49'),
(367, 26, 406, 'Siak', '2021-09-13 21:12:49', '2021-09-13 21:12:49'),
(368, 27, 253, 'Majene', '2021-09-13 21:12:50', '2021-09-13 21:12:50'),
(369, 27, 262, 'Mamasa', '2021-09-13 21:12:50', '2021-09-13 21:12:50'),
(370, 27, 265, 'Mamuju', '2021-09-13 21:12:50', '2021-09-13 21:12:50'),
(371, 27, 266, 'Mamuju Utara', '2021-09-13 21:12:50', '2021-09-13 21:12:50'),
(372, 27, 362, 'Polewali Mandar', '2021-09-13 21:12:50', '2021-09-13 21:12:50'),
(373, 28, 38, 'Bantaeng', '2021-09-13 21:12:52', '2021-09-13 21:12:52'),
(374, 28, 47, 'Barru', '2021-09-13 21:12:52', '2021-09-13 21:12:52'),
(375, 28, 87, 'Bone', '2021-09-13 21:12:52', '2021-09-13 21:12:52'),
(376, 28, 95, 'Bulukumba', '2021-09-13 21:12:52', '2021-09-13 21:12:52'),
(377, 28, 123, 'Enrekang', '2021-09-13 21:12:52', '2021-09-13 21:12:52'),
(378, 28, 132, 'Gowa', '2021-09-13 21:12:52', '2021-09-13 21:12:52'),
(379, 28, 162, 'Jeneponto', '2021-09-13 21:12:52', '2021-09-13 21:12:52'),
(380, 28, 244, 'Luwu', '2021-09-13 21:12:52', '2021-09-13 21:12:52'),
(381, 28, 245, 'Luwu Timur', '2021-09-13 21:12:52', '2021-09-13 21:12:52'),
(382, 28, 246, 'Luwu Utara', '2021-09-13 21:12:52', '2021-09-13 21:12:52'),
(383, 28, 254, 'Makassar', '2021-09-13 21:12:52', '2021-09-13 21:12:52'),
(384, 28, 275, 'Maros', '2021-09-13 21:12:52', '2021-09-13 21:12:52'),
(385, 28, 328, 'Palopo', '2021-09-13 21:12:52', '2021-09-13 21:12:52'),
(386, 28, 333, 'Pangkajene Kepulauan', '2021-09-13 21:12:53', '2021-09-13 21:12:53'),
(387, 28, 336, 'Parepare', '2021-09-13 21:12:53', '2021-09-13 21:12:53'),
(388, 28, 360, 'Pinrang', '2021-09-13 21:12:53', '2021-09-13 21:12:53'),
(389, 28, 396, 'Selayar (Kepulauan Selayar)', '2021-09-13 21:12:53', '2021-09-13 21:12:53'),
(390, 28, 408, 'Sidenreng Rappang/Rapang', '2021-09-13 21:12:53', '2021-09-13 21:12:53'),
(391, 28, 416, 'Sinjai', '2021-09-13 21:12:53', '2021-09-13 21:12:53'),
(392, 28, 423, 'Soppeng', '2021-09-13 21:12:53', '2021-09-13 21:12:53'),
(393, 28, 448, 'Takalar', '2021-09-13 21:12:53', '2021-09-13 21:12:53'),
(394, 28, 451, 'Tana Toraja', '2021-09-13 21:12:53', '2021-09-13 21:12:53'),
(395, 28, 486, 'Toraja Utara', '2021-09-13 21:12:53', '2021-09-13 21:12:53'),
(396, 28, 493, 'Wajo', '2021-09-13 21:12:53', '2021-09-13 21:12:53'),
(397, 29, 25, 'Banggai', '2021-09-13 21:12:55', '2021-09-13 21:12:55'),
(398, 29, 26, 'Banggai Kepulauan', '2021-09-13 21:12:55', '2021-09-13 21:12:55'),
(399, 29, 98, 'Buol', '2021-09-13 21:12:55', '2021-09-13 21:12:55'),
(400, 29, 119, 'Donggala', '2021-09-13 21:12:55', '2021-09-13 21:12:55'),
(401, 29, 291, 'Morowali', '2021-09-13 21:12:55', '2021-09-13 21:12:55'),
(402, 29, 329, 'Palu', '2021-09-13 21:12:55', '2021-09-13 21:12:55'),
(403, 29, 338, 'Parigi Moutong', '2021-09-13 21:12:55', '2021-09-13 21:12:55'),
(404, 29, 366, 'Poso', '2021-09-13 21:12:55', '2021-09-13 21:12:55'),
(405, 29, 410, 'Sigi', '2021-09-13 21:12:55', '2021-09-13 21:12:55'),
(406, 29, 482, 'Tojo Una-Una', '2021-09-13 21:12:55', '2021-09-13 21:12:55'),
(407, 29, 483, 'Toli-Toli', '2021-09-13 21:12:55', '2021-09-13 21:12:55'),
(408, 30, 53, 'Bau-Bau', '2021-09-13 21:12:56', '2021-09-13 21:12:56'),
(409, 30, 85, 'Bombana', '2021-09-13 21:12:56', '2021-09-13 21:12:56'),
(410, 30, 101, 'Buton', '2021-09-13 21:12:56', '2021-09-13 21:12:56'),
(411, 30, 102, 'Buton Utara', '2021-09-13 21:12:56', '2021-09-13 21:12:56'),
(412, 30, 182, 'Kendari', '2021-09-13 21:12:56', '2021-09-13 21:12:56'),
(413, 30, 198, 'Kolaka', '2021-09-13 21:12:57', '2021-09-13 21:12:57'),
(414, 30, 199, 'Kolaka Utara', '2021-09-13 21:12:57', '2021-09-13 21:12:57'),
(415, 30, 200, 'Konawe', '2021-09-13 21:12:57', '2021-09-13 21:12:57'),
(416, 30, 201, 'Konawe Selatan', '2021-09-13 21:12:57', '2021-09-13 21:12:57'),
(417, 30, 202, 'Konawe Utara', '2021-09-13 21:12:57', '2021-09-13 21:12:57'),
(418, 30, 295, 'Muna', '2021-09-13 21:12:57', '2021-09-13 21:12:57'),
(419, 30, 494, 'Wakatobi', '2021-09-13 21:12:57', '2021-09-13 21:12:57'),
(420, 31, 73, 'Bitung', '2021-09-13 21:12:58', '2021-09-13 21:12:58'),
(421, 31, 81, 'Bolaang Mongondow (Bolmong)', '2021-09-13 21:12:58', '2021-09-13 21:12:58'),
(422, 31, 82, 'Bolaang Mongondow Selatan', '2021-09-13 21:12:58', '2021-09-13 21:12:58'),
(423, 31, 83, 'Bolaang Mongondow Timur', '2021-09-13 21:12:58', '2021-09-13 21:12:58'),
(424, 31, 84, 'Bolaang Mongondow Utara', '2021-09-13 21:12:58', '2021-09-13 21:12:58'),
(425, 31, 188, 'Kepulauan Sangihe', '2021-09-13 21:12:58', '2021-09-13 21:12:58'),
(426, 31, 190, 'Kepulauan Siau Tagulandang Biaro (Sitaro)', '2021-09-13 21:12:58', '2021-09-13 21:12:58'),
(427, 31, 192, 'Kepulauan Talaud', '2021-09-13 21:12:58', '2021-09-13 21:12:58'),
(428, 31, 204, 'Kotamobagu', '2021-09-13 21:12:58', '2021-09-13 21:12:58'),
(429, 31, 267, 'Manado', '2021-09-13 21:12:58', '2021-09-13 21:12:58'),
(430, 31, 285, 'Minahasa', '2021-09-13 21:12:58', '2021-09-13 21:12:58'),
(431, 31, 286, 'Minahasa Selatan', '2021-09-13 21:12:58', '2021-09-13 21:12:58'),
(432, 31, 287, 'Minahasa Tenggara', '2021-09-13 21:12:59', '2021-09-13 21:12:59'),
(433, 31, 288, 'Minahasa Utara', '2021-09-13 21:12:59', '2021-09-13 21:12:59'),
(434, 31, 485, 'Tomohon', '2021-09-13 21:12:59', '2021-09-13 21:12:59'),
(435, 32, 12, 'Agam', '2021-09-13 21:13:00', '2021-09-13 21:13:00'),
(436, 32, 93, 'Bukittinggi', '2021-09-13 21:13:00', '2021-09-13 21:13:00'),
(437, 32, 116, 'Dharmasraya', '2021-09-13 21:13:00', '2021-09-13 21:13:00'),
(438, 32, 186, 'Kepulauan Mentawai', '2021-09-13 21:13:00', '2021-09-13 21:13:00'),
(439, 32, 236, 'Lima Puluh Koto/Kota', '2021-09-13 21:13:00', '2021-09-13 21:13:00'),
(440, 32, 318, 'Padang', '2021-09-13 21:13:00', '2021-09-13 21:13:00'),
(441, 32, 321, 'Padang Panjang', '2021-09-13 21:13:00', '2021-09-13 21:13:00'),
(442, 32, 322, 'Padang Pariaman', '2021-09-13 21:13:00', '2021-09-13 21:13:00'),
(443, 32, 337, 'Pariaman', '2021-09-13 21:13:00', '2021-09-13 21:13:00'),
(444, 32, 339, 'Pasaman', '2021-09-13 21:13:01', '2021-09-13 21:13:01'),
(445, 32, 340, 'Pasaman Barat', '2021-09-13 21:13:01', '2021-09-13 21:13:01'),
(446, 32, 345, 'Payakumbuh', '2021-09-13 21:13:01', '2021-09-13 21:13:01'),
(447, 32, 357, 'Pesisir Selatan', '2021-09-13 21:13:01', '2021-09-13 21:13:01'),
(448, 32, 394, 'Sawah Lunto', '2021-09-13 21:13:01', '2021-09-13 21:13:01'),
(449, 32, 411, 'Sijunjung (Sawah Lunto Sijunjung)', '2021-09-13 21:13:01', '2021-09-13 21:13:01'),
(450, 32, 420, 'Solok', '2021-09-13 21:13:01', '2021-09-13 21:13:01'),
(451, 32, 421, 'Solok', '2021-09-13 21:13:01', '2021-09-13 21:13:01'),
(452, 32, 422, 'Solok Selatan', '2021-09-13 21:13:01', '2021-09-13 21:13:01'),
(453, 32, 453, 'Tanah Datar', '2021-09-13 21:13:01', '2021-09-13 21:13:01'),
(454, 33, 40, 'Banyuasin', '2021-09-13 21:13:02', '2021-09-13 21:13:02'),
(455, 33, 121, 'Empat Lawang', '2021-09-13 21:13:02', '2021-09-13 21:13:02'),
(456, 33, 220, 'Lahat', '2021-09-13 21:13:02', '2021-09-13 21:13:02'),
(457, 33, 242, 'Lubuk Linggau', '2021-09-13 21:13:02', '2021-09-13 21:13:02'),
(458, 33, 292, 'Muara Enim', '2021-09-13 21:13:02', '2021-09-13 21:13:02'),
(459, 33, 297, 'Musi Banyuasin', '2021-09-13 21:13:02', '2021-09-13 21:13:02'),
(460, 33, 298, 'Musi Rawas', '2021-09-13 21:13:02', '2021-09-13 21:13:02'),
(461, 33, 312, 'Ogan Ilir', '2021-09-13 21:13:02', '2021-09-13 21:13:02'),
(462, 33, 313, 'Ogan Komering Ilir', '2021-09-13 21:13:03', '2021-09-13 21:13:03'),
(463, 33, 314, 'Ogan Komering Ulu', '2021-09-13 21:13:03', '2021-09-13 21:13:03'),
(464, 33, 315, 'Ogan Komering Ulu Selatan', '2021-09-13 21:13:03', '2021-09-13 21:13:03'),
(465, 33, 316, 'Ogan Komering Ulu Timur', '2021-09-13 21:13:03', '2021-09-13 21:13:03'),
(466, 33, 324, 'Pagar Alam', '2021-09-13 21:13:03', '2021-09-13 21:13:03'),
(467, 33, 327, 'Palembang', '2021-09-13 21:13:03', '2021-09-13 21:13:03'),
(468, 33, 367, 'Prabumulih', '2021-09-13 21:13:03', '2021-09-13 21:13:03'),
(469, 34, 15, 'Asahan', '2021-09-13 21:13:05', '2021-09-13 21:13:05'),
(470, 34, 52, 'Batu Bara', '2021-09-13 21:13:05', '2021-09-13 21:13:05'),
(471, 34, 70, 'Binjai', '2021-09-13 21:13:05', '2021-09-13 21:13:05'),
(472, 34, 110, 'Dairi', '2021-09-13 21:13:06', '2021-09-13 21:13:06'),
(473, 34, 112, 'Deli Serdang', '2021-09-13 21:13:06', '2021-09-13 21:13:06'),
(474, 34, 137, 'Gunungsitoli', '2021-09-13 21:13:06', '2021-09-13 21:13:06'),
(475, 34, 146, 'Humbang Hasundutan', '2021-09-13 21:13:06', '2021-09-13 21:13:06'),
(476, 34, 173, 'Karo', '2021-09-13 21:13:06', '2021-09-13 21:13:06'),
(477, 34, 217, 'Labuhan Batu', '2021-09-13 21:13:06', '2021-09-13 21:13:06'),
(478, 34, 218, 'Labuhan Batu Selatan', '2021-09-13 21:13:06', '2021-09-13 21:13:06'),
(479, 34, 219, 'Labuhan Batu Utara', '2021-09-13 21:13:06', '2021-09-13 21:13:06'),
(480, 34, 229, 'Langkat', '2021-09-13 21:13:06', '2021-09-13 21:13:06'),
(481, 34, 268, 'Mandailing Natal', '2021-09-13 21:13:06', '2021-09-13 21:13:06'),
(482, 34, 278, 'Medan', '2021-09-13 21:13:06', '2021-09-13 21:13:06'),
(483, 34, 307, 'Nias', '2021-09-13 21:13:06', '2021-09-13 21:13:06'),
(484, 34, 308, 'Nias Barat', '2021-09-13 21:13:06', '2021-09-13 21:13:06'),
(485, 34, 309, 'Nias Selatan', '2021-09-13 21:13:06', '2021-09-13 21:13:06'),
(486, 34, 310, 'Nias Utara', '2021-09-13 21:13:06', '2021-09-13 21:13:06'),
(487, 34, 319, 'Padang Lawas', '2021-09-13 21:13:06', '2021-09-13 21:13:06'),
(488, 34, 320, 'Padang Lawas Utara', '2021-09-13 21:13:06', '2021-09-13 21:13:06'),
(489, 34, 323, 'Padang Sidempuan', '2021-09-13 21:13:06', '2021-09-13 21:13:06'),
(490, 34, 325, 'Pakpak Bharat', '2021-09-13 21:13:06', '2021-09-13 21:13:06'),
(491, 34, 353, 'Pematang Siantar', '2021-09-13 21:13:06', '2021-09-13 21:13:06'),
(492, 34, 389, 'Samosir', '2021-09-13 21:13:06', '2021-09-13 21:13:06'),
(493, 34, 404, 'Serdang Bedagai', '2021-09-13 21:13:07', '2021-09-13 21:13:07'),
(494, 34, 407, 'Sibolga', '2021-09-13 21:13:07', '2021-09-13 21:13:07'),
(495, 34, 413, 'Simalungun', '2021-09-13 21:13:07', '2021-09-13 21:13:07'),
(496, 34, 459, 'Tanjung Balai', '2021-09-13 21:13:07', '2021-09-13 21:13:07'),
(497, 34, 463, 'Tapanuli Selatan', '2021-09-13 21:13:07', '2021-09-13 21:13:07'),
(498, 34, 464, 'Tapanuli Tengah', '2021-09-13 21:13:07', '2021-09-13 21:13:07'),
(499, 34, 465, 'Tapanuli Utara', '2021-09-13 21:13:07', '2021-09-13 21:13:07'),
(500, 34, 470, 'Tebing Tinggi', '2021-09-13 21:13:07', '2021-09-13 21:13:07'),
(501, 34, 481, 'Toba Samosir', '2021-09-13 21:13:07', '2021-09-13 21:13:07');

-- --------------------------------------------------------

--
-- Struktur dari tabel `contact_message`
--

CREATE TABLE `contact_message` (
  `id` int(10) UNSIGNED NOT NULL,
  `name` varchar(255) COLLATE utf8mb4_unicode_ci NOT NULL,
  `email` varchar(255) COLLATE utf8mb4_unicode_ci DEFAULT NULL,
  `phone` varchar(255) COLLATE utf8mb4_unicode_ci NOT NULL,
  `category_id` bigint(20) UNSIGNED NOT NULL,
  `message` longtext COLLATE utf8mb4_unicode_ci DEFAULT NULL,
  `province` varchar(255) COLLATE utf8mb4_unicode_ci DEFAULT NULL,
  `city` varchar(255) COLLATE utf8mb4_unicode_ci DEFAULT NULL,
  `ip_address` varchar(255) COLLATE utf8mb4_unicode_ci DEFAULT NULL,
  `deleted_at` timestamp NULL DEFAULT NULL,
  `created_at` timestamp NULL DEFAULT NULL,
  `updated_at` timestamp NULL DEFAULT NULL,
  `username` varchar(191) COLLATE utf8mb4_unicode_ci DEFAULT NULL
) ENGINE=InnoDB DEFAULT CHARSET=utf8mb4 COLLATE=utf8mb4_unicode_ci;

-- --------------------------------------------------------

--
-- Struktur dari tabel `deliver_konsultasis`
--

CREATE TABLE `deliver_konsultasis` (
  `id` bigint(20) UNSIGNED NOT NULL,
  `consult_id` bigint(20) UNSIGNED NOT NULL,
  `message` varchar(191) COLLATE utf8mb4_unicode_ci NOT NULL,
  `created_at` timestamp NULL DEFAULT NULL,
  `updated_at` timestamp NULL DEFAULT NULL,
  `jawaban` longtext COLLATE utf8mb4_unicode_ci DEFAULT NULL
) ENGINE=InnoDB DEFAULT CHARSET=utf8mb4 COLLATE=utf8mb4_unicode_ci;

-- --------------------------------------------------------

--
-- Struktur dari tabel `event`
--

CREATE TABLE `event` (
  `id` bigint(20) UNSIGNED NOT NULL,
  `title` varchar(255) COLLATE utf8mb4_unicode_ci NOT NULL,
  `quotes` varchar(255) COLLATE utf8mb4_unicode_ci NOT NULL,
  `cover` varchar(255) COLLATE utf8mb4_unicode_ci NOT NULL,
  `file` varchar(255) COLLATE utf8mb4_unicode_ci NOT NULL,
  `content` longtext COLLATE utf8mb4_unicode_ci NOT NULL,
  `created_at` timestamp NULL DEFAULT NULL,
  `updated_at` timestamp NULL DEFAULT NULL,
  `link` varchar(255) COLLATE utf8mb4_unicode_ci NOT NULL
) ENGINE=InnoDB DEFAULT CHARSET=utf8mb4 COLLATE=utf8mb4_unicode_ci;

--
-- Dumping data untuk tabel `event`
--

INSERT INTO `event` (`id`, `title`, `quotes`, `cover`, `file`, `content`, `created_at`, `updated_at`, `link`) VALUES
(1, 'Evoush Opportunity Seminar (EOS)', 'Evoush Beauty And Wellness Jember', 'events/pIQteyzbFGdrlr5SIffvdwpvU5pBF3iNuBX3eV79.jpg', '', '<p><strong>Business Seminar</strong> Recognition <strong>DOORPRIZE</strong>.</p>\r\n<p style=\"line-height: 2;\">Bukan hanya seminar biasa yang kali ini evoush adakan di Kota Jember akan ada banyak informasi dan ilmu yang akan anda dapatkan dalam seminar EOS kali ini, ayo kita tajamkan semangat kita dalam membangun bisnis jaringan di Evoush. Dengan berlangsungnya perhelatan event Eos Jember kali ini diharapkan, kita bisa saling kuta satu sama lain, antara sesama team, motivasi semakin bergelora untuk maju bersama-sama meraih setiap mimpi untuk sukses dalam dunia bisnis jaringan di evoush.</p>\r\n<p style=\"line-height: 2;\">&nbsp;</p>\r\n<p style=\"line-height: 2;\"><strong> Your Eternal Future&nbsp;</strong></p>', '2021-06-27 07:54:05', '2021-07-07 09:40:23', 'https://raw.githubusercontent.com/codesyariah122/bahan-evoush/main/videos/event/event1.mp4');

-- --------------------------------------------------------

--
-- Struktur dari tabel `failed_jobs`
--

CREATE TABLE `failed_jobs` (
  `id` bigint(20) UNSIGNED NOT NULL,
  `uuid` varchar(255) COLLATE utf8mb4_unicode_ci NOT NULL,
  `connection` text COLLATE utf8mb4_unicode_ci NOT NULL,
  `queue` text COLLATE utf8mb4_unicode_ci NOT NULL,
  `payload` longtext COLLATE utf8mb4_unicode_ci NOT NULL,
  `exception` longtext COLLATE utf8mb4_unicode_ci NOT NULL,
  `failed_at` timestamp NOT NULL DEFAULT current_timestamp()
) ENGINE=InnoDB DEFAULT CHARSET=utf8mb4 COLLATE=utf8mb4_unicode_ci;

-- --------------------------------------------------------

--
-- Struktur dari tabel `joining`
--

CREATE TABLE `joining` (
  `id` int(10) UNSIGNED NOT NULL,
  `user_id` bigint(20) UNSIGNED NOT NULL,
  `member_id` bigint(20) UNSIGNED NOT NULL,
  `updated_by` int(11) DEFAULT NULL,
  `deleted_by` int(11) DEFAULT NULL,
  `created_at` timestamp NULL DEFAULT NULL,
  `updated_at` timestamp NULL DEFAULT NULL,
  `deleted_at` timestamp NULL DEFAULT NULL
) ENGINE=InnoDB DEFAULT CHARSET=utf8mb4 COLLATE=utf8mb4_unicode_ci;

--
-- Dumping data untuk tabel `joining`
--

INSERT INTO `joining` (`id`, `user_id`, `member_id`, `updated_by`, `deleted_by`, `created_at`, `updated_at`, `deleted_at`) VALUES
(65, 34, 10, NULL, NULL, '2021-08-28 04:36:00', '2021-08-28 04:36:00', NULL);

-- --------------------------------------------------------

--
-- Struktur dari tabel `konsultasis`
--

CREATE TABLE `konsultasis` (
  `id` bigint(20) UNSIGNED NOT NULL,
  `fullname` varchar(191) COLLATE utf8mb4_unicode_ci NOT NULL,
  `phone` varchar(191) COLLATE utf8mb4_unicode_ci NOT NULL,
  `message` varchar(191) COLLATE utf8mb4_unicode_ci NOT NULL,
  `created_at` timestamp NULL DEFAULT NULL,
  `updated_at` timestamp NULL DEFAULT NULL,
  `city` varchar(191) COLLATE utf8mb4_unicode_ci NOT NULL,
  `age` varchar(191) COLLATE utf8mb4_unicode_ci NOT NULL,
  `gender` varchar(191) COLLATE utf8mb4_unicode_ci NOT NULL,
  `status` enum('ACTIVE','INACTIVE') COLLATE utf8mb4_unicode_ci NOT NULL,
  `username` varchar(191) COLLATE utf8mb4_unicode_ci NOT NULL
) ENGINE=InnoDB DEFAULT CHARSET=utf8mb4 COLLATE=utf8mb4_unicode_ci;

-- --------------------------------------------------------

--
-- Struktur dari tabel `member`
--

CREATE TABLE `member` (
  `id` bigint(20) UNSIGNED NOT NULL,
  `user_id` bigint(20) UNSIGNED NOT NULL,
  `sponsor_id` bigint(20) UNSIGNED NOT NULL,
  `created_at` timestamp NULL DEFAULT NULL,
  `updated_at` timestamp NULL DEFAULT NULL,
  `deleted_at` timestamp NULL DEFAULT NULL
) ENGINE=InnoDB DEFAULT CHARSET=utf8mb4 COLLATE=utf8mb4_unicode_ci;

--
-- Dumping data untuk tabel `member`
--

INSERT INTO `member` (`id`, `user_id`, `sponsor_id`, `created_at`, `updated_at`, `deleted_at`) VALUES
(10, 34, 4, '2021-08-28 04:36:00', '2021-08-28 04:36:00', NULL);

-- --------------------------------------------------------

--
-- Struktur dari tabel `menus`
--

CREATE TABLE `menus` (
  `id` bigint(20) UNSIGNED NOT NULL,
  `name` varchar(191) COLLATE utf8mb4_unicode_ci NOT NULL,
  `link` varchar(191) COLLATE utf8mb4_unicode_ci NOT NULL,
  `icon` varchar(191) COLLATE utf8mb4_unicode_ci NOT NULL,
  `created_at` timestamp NULL DEFAULT NULL,
  `updated_at` timestamp NULL DEFAULT NULL,
  `submenu` varchar(191) COLLATE utf8mb4_unicode_ci DEFAULT NULL
) ENGINE=InnoDB DEFAULT CHARSET=utf8mb4 COLLATE=utf8mb4_unicode_ci;

--
-- Dumping data untuk tabel `menus`
--

INSERT INTO `menus` (`id`, `name`, `link`, `icon`, `created_at`, `updated_at`, `submenu`) VALUES
(1, 'Users', 'users.index', 'fas fa-users-cog', NULL, NULL, 'Users'),
(2, 'testings', 'tests.index', 'fas fa-user-cog', '2021-09-09 23:30:16', '2021-09-09 23:30:16', 'tests');

-- --------------------------------------------------------

--
-- Struktur dari tabel `migrations`
--

CREATE TABLE `migrations` (
  `id` int(10) UNSIGNED NOT NULL,
  `migration` varchar(255) COLLATE utf8mb4_unicode_ci NOT NULL,
  `batch` int(11) NOT NULL
) ENGINE=InnoDB DEFAULT CHARSET=utf8mb4 COLLATE=utf8mb4_unicode_ci;

--
-- Dumping data untuk tabel `migrations`
--

INSERT INTO `migrations` (`id`, `migration`, `batch`) VALUES
(1, '2014_10_12_000000_create_users_table', 1),
(2, '2014_10_12_100000_create_password_resets_table', 1),
(3, '2019_08_19_000000_create_failed_jobs_table', 1),
(4, '2021_05_23_100635_penyesuaian_table_users', 1),
(5, '2021_05_27_111435_create_table_categories', 1),
(6, '2021_05_27_145006_create_products_table', 1),
(7, '2021_05_27_163815_create_category_product_table', 1),
(8, '2021_05_31_024609_create_orders_table', 1),
(9, '2021_05_31_082527_create_order_product_table', 1),
(10, '2021_05_31_213009_create_profile_table', 1),
(11, '2021_06_02_052440_create_category_message_table', 1),
(15, '2014_10_12_000000_create_users_table', 1),
(16, '2014_10_12_100000_create_password_resets_table', 1),
(17, '2019_08_19_000000_create_failed_jobs_table', 1),
(18, '2021_05_23_100635_penyesuaian_table_users', 1),
(19, '2021_05_27_111435_create_table_categories', 1),
(20, '2021_05_27_145006_create_products_table', 1),
(21, '2021_05_27_163815_create_category_product_table', 1),
(22, '2021_05_31_024609_create_orders_table', 2),
(23, '2021_05_31_035451_create_product_order_table', 3),
(24, '2021_05_31_082527_create_order_product_table', 4),
(25, '2021_06_02_015057_create_contact_table', 5),
(28, '2021_06_02_052440_create_category_message_table', 6),
(32, '2021_06_02_052715_create_contact_message_table', 7),
(34, '2021_05_31_235104_create_profile_table', 8),
(35, '2021_06_12_135647_create_event_table', 9),
(36, '2021_06_13_102653_add_new_field_profile_table', 10),
(37, '2021_06_13_131001_add_new_field_again_profile_table', 11),
(38, '2021_06_19_163336_create_member_table', 12),
(39, '2021_06_19_163530_create_join_table', 12),
(40, '2021_06_20_135837_penambahan_field_member_table', 13),
(41, '2008_12_31_190808_create_member_table', 14),
(42, '2008_12_31_191018_create_join_table', 14),
(43, '2021_06_22_164812_create_member_table', 15),
(44, '2021_06_22_165029_create_joining_table', 15),
(45, '2021_06_22_165635_create_member_table', 16),
(46, '2021_06_22_165714_create_joining_table', 16),
(47, '2021_06_25_175425_create_member_table', 17),
(48, '2021_06_25_175532_create_joining_table', 17),
(49, '2021_06_28_083605_create_articles_table', 18),
(50, '2021_06_28_083713_create_category_articles_table', 18),
(51, '2021_06_28_155630_penambahan_field_table_articles', 19),
(52, '2021_06_28_164849_category_article', 20),
(55, '2021_06_28_173925_articles_table', 21),
(56, '2021_07_03_044511_create_api_data_test_table', 22),
(57, '2021_07_07_162141_penambahan_field_table_event', 23),
(58, '2016_06_01_000001_create_oauth_auth_codes_table', 24),
(59, '2016_06_01_000002_create_oauth_access_tokens_table', 24),
(60, '2016_06_01_000003_create_oauth_refresh_tokens_table', 24),
(61, '2016_06_01_000004_create_oauth_clients_table', 24),
(62, '2016_06_01_000005_create_oauth_personal_access_clients_table', 24),
(63, '2021_07_27_082942_penambahan_field_table_product', 25),
(64, '2021_08_09_065929_tambah_field_pencapaian_user', 26),
(65, '2021_08_16_222128_penambahan_field_contact_message', 27),
(66, '2021_09_10_041755_create_menus_table', 28),
(67, '2021_09_10_061040_penambahan_field_table_menus', 29),
(70, '2021_09_14_040344_create_provinces_table', 30),
(71, '2021_09_14_040357_create_cities_table', 30),
(72, '2021_09_22_041356_create_konsultasis_table', 31),
(73, '2021_09_22_052734_create_deliver_konsultasis_table', 32),
(76, '2021_09_22_064804_penambahan_field_konsultasis', 33),
(78, '2021_09_22_144404_penambahan_field_table_deliver_konsultasis', 34),
(79, '2021_09_23_124126_add_new_field_table_konsultasis', 35);

-- --------------------------------------------------------

--
-- Struktur dari tabel `oauth_access_tokens`
--

CREATE TABLE `oauth_access_tokens` (
  `id` varchar(100) COLLATE utf8mb4_unicode_ci NOT NULL,
  `user_id` bigint(20) UNSIGNED DEFAULT NULL,
  `client_id` bigint(20) UNSIGNED NOT NULL,
  `name` varchar(191) COLLATE utf8mb4_unicode_ci DEFAULT NULL,
  `scopes` text COLLATE utf8mb4_unicode_ci DEFAULT NULL,
  `revoked` tinyint(1) NOT NULL,
  `created_at` timestamp NULL DEFAULT NULL,
  `updated_at` timestamp NULL DEFAULT NULL,
  `expires_at` datetime DEFAULT NULL
) ENGINE=InnoDB DEFAULT CHARSET=utf8mb4 COLLATE=utf8mb4_unicode_ci;

--
-- Dumping data untuk tabel `oauth_access_tokens`
--

INSERT INTO `oauth_access_tokens` (`id`, `user_id`, `client_id`, `name`, `scopes`, `revoked`, `created_at`, `updated_at`, `expires_at`) VALUES
('1c2affad29eee5854f2a4e486bed7b6ef53090432fd494ab781218f4f07a08fa25b15a0599c0e518', 19, 7, 'authToken', '[]', 0, '2021-08-05 22:31:22', '2021-08-05 22:31:22', '2022-08-06 05:31:22'),
('7a80869a2f8aa7b9ba8cc175a113db73122ae8becf563b7611661756591096c3037f4e4726f062db', 7, 7, 'authToken', '[]', 0, '2021-09-09 03:17:17', '2021-09-09 03:17:17', '2022-09-09 10:17:17');

-- --------------------------------------------------------

--
-- Struktur dari tabel `oauth_auth_codes`
--

CREATE TABLE `oauth_auth_codes` (
  `id` varchar(100) COLLATE utf8mb4_unicode_ci NOT NULL,
  `user_id` bigint(20) UNSIGNED NOT NULL,
  `client_id` bigint(20) UNSIGNED NOT NULL,
  `scopes` text COLLATE utf8mb4_unicode_ci DEFAULT NULL,
  `revoked` tinyint(1) NOT NULL,
  `expires_at` datetime DEFAULT NULL
) ENGINE=InnoDB DEFAULT CHARSET=utf8mb4 COLLATE=utf8mb4_unicode_ci;

-- --------------------------------------------------------

--
-- Struktur dari tabel `oauth_clients`
--

CREATE TABLE `oauth_clients` (
  `id` bigint(20) UNSIGNED NOT NULL,
  `user_id` bigint(20) UNSIGNED DEFAULT NULL,
  `name` varchar(191) COLLATE utf8mb4_unicode_ci NOT NULL,
  `secret` varchar(100) COLLATE utf8mb4_unicode_ci DEFAULT NULL,
  `provider` varchar(191) COLLATE utf8mb4_unicode_ci DEFAULT NULL,
  `redirect` text COLLATE utf8mb4_unicode_ci NOT NULL,
  `personal_access_client` tinyint(1) NOT NULL,
  `password_client` tinyint(1) NOT NULL,
  `revoked` tinyint(1) NOT NULL,
  `created_at` timestamp NULL DEFAULT NULL,
  `updated_at` timestamp NULL DEFAULT NULL
) ENGINE=InnoDB DEFAULT CHARSET=utf8mb4 COLLATE=utf8mb4_unicode_ci;

--
-- Dumping data untuk tabel `oauth_clients`
--

INSERT INTO `oauth_clients` (`id`, `user_id`, `name`, `secret`, `provider`, `redirect`, `personal_access_client`, `password_client`, `revoked`, `created_at`, `updated_at`) VALUES
(7, NULL, 'Evoush:App Personal Access Client', 'rTdJ087rvsQB1fhMHe6QrNhqfUSk9qjC48SdSbdc', NULL, 'http://localhost', 1, 0, 0, '2021-07-31 00:01:03', '2021-07-31 00:01:03'),
(8, NULL, 'Evoush:App Password Grant Client', 'LJCWZbFm5j62CUp6u1BNYFzIeqdki1847bqnUpY1', 'users', 'http://localhost', 0, 1, 0, '2021-07-31 00:01:03', '2021-07-31 00:01:03');

-- --------------------------------------------------------

--
-- Struktur dari tabel `oauth_personal_access_clients`
--

CREATE TABLE `oauth_personal_access_clients` (
  `id` bigint(20) UNSIGNED NOT NULL,
  `client_id` bigint(20) UNSIGNED NOT NULL,
  `created_at` timestamp NULL DEFAULT NULL,
  `updated_at` timestamp NULL DEFAULT NULL
) ENGINE=InnoDB DEFAULT CHARSET=utf8mb4 COLLATE=utf8mb4_unicode_ci;

--
-- Dumping data untuk tabel `oauth_personal_access_clients`
--

INSERT INTO `oauth_personal_access_clients` (`id`, `client_id`, `created_at`, `updated_at`) VALUES
(4, 7, '2021-07-31 00:01:03', '2021-07-31 00:01:03');

-- --------------------------------------------------------

--
-- Struktur dari tabel `oauth_refresh_tokens`
--

CREATE TABLE `oauth_refresh_tokens` (
  `id` varchar(100) COLLATE utf8mb4_unicode_ci NOT NULL,
  `access_token_id` varchar(100) COLLATE utf8mb4_unicode_ci NOT NULL,
  `revoked` tinyint(1) NOT NULL,
  `expires_at` datetime DEFAULT NULL
) ENGINE=InnoDB DEFAULT CHARSET=utf8mb4 COLLATE=utf8mb4_unicode_ci;

-- --------------------------------------------------------

--
-- Struktur dari tabel `orders`
--

CREATE TABLE `orders` (
  `id` int(10) UNSIGNED NOT NULL,
  `user_id` bigint(20) UNSIGNED NOT NULL,
  `total_price` double(8,2) UNSIGNED NOT NULL,
  `invoice_number` varchar(255) COLLATE utf8mb4_unicode_ci NOT NULL,
  `status` enum('SUBMIT','PROCESS','FINISH','CANCEL') COLLATE utf8mb4_unicode_ci NOT NULL,
  `created_at` timestamp NULL DEFAULT NULL,
  `updated_at` timestamp NULL DEFAULT NULL
) ENGINE=InnoDB DEFAULT CHARSET=utf8mb4 COLLATE=utf8mb4_unicode_ci;

-- --------------------------------------------------------

--
-- Struktur dari tabel `order_product`
--

CREATE TABLE `order_product` (
  `id` int(10) UNSIGNED NOT NULL,
  `order_id` int(10) UNSIGNED NOT NULL,
  `product_id` int(10) UNSIGNED NOT NULL,
  `quantity` int(10) UNSIGNED NOT NULL,
  `created_at` timestamp NULL DEFAULT NULL,
  `updated_at` timestamp NULL DEFAULT NULL
) ENGINE=InnoDB DEFAULT CHARSET=utf8mb4 COLLATE=utf8mb4_unicode_ci;

-- --------------------------------------------------------

--
-- Struktur dari tabel `password_resets`
--

CREATE TABLE `password_resets` (
  `email` varchar(255) COLLATE utf8mb4_unicode_ci NOT NULL,
  `token` varchar(255) COLLATE utf8mb4_unicode_ci NOT NULL,
  `created_at` timestamp NULL DEFAULT NULL
) ENGINE=InnoDB DEFAULT CHARSET=utf8mb4 COLLATE=utf8mb4_unicode_ci;

-- --------------------------------------------------------

--
-- Struktur dari tabel `products`
--

CREATE TABLE `products` (
  `id` int(10) UNSIGNED NOT NULL,
  `title` varchar(255) COLLATE utf8mb4_unicode_ci NOT NULL,
  `slug` varchar(255) COLLATE utf8mb4_unicode_ci NOT NULL,
  `description` text COLLATE utf8mb4_unicode_ci NOT NULL,
  `mini_description` mediumtext COLLATE utf8mb4_unicode_ci NOT NULL,
  `cover` varchar(255) COLLATE utf8mb4_unicode_ci NOT NULL,
  `price` double(8,2) NOT NULL,
  `views` int(10) UNSIGNED NOT NULL DEFAULT 0,
  `stock` int(10) UNSIGNED NOT NULL DEFAULT 0,
  `status` enum('PUBLISH','DRAFT') COLLATE utf8mb4_unicode_ci NOT NULL,
  `created_by` int(11) NOT NULL,
  `updated_by` int(11) DEFAULT NULL,
  `deleted_by` int(11) DEFAULT NULL,
  `created_at` timestamp NULL DEFAULT NULL,
  `updated_at` timestamp NULL DEFAULT NULL,
  `deleted_at` timestamp NULL DEFAULT NULL,
  `slider` varchar(191) COLLATE utf8mb4_unicode_ci NOT NULL
) ENGINE=InnoDB DEFAULT CHARSET=utf8mb4 COLLATE=utf8mb4_unicode_ci;

--
-- Dumping data untuk tabel `products`
--

INSERT INTO `products` (`id`, `title`, `slug`, `description`, `mini_description`, `cover`, `price`, `views`, `stock`, `status`, `created_by`, `updated_by`, `deleted_by`, `created_at`, `updated_at`, `deleted_at`, `slider`) VALUES
(1, 'Kileon', 'kileon', '<p>KILEON merupakan minuman serbuk dengan rasa buah mangga dan nanas yang segar, mengandung collagen tinggi dan L Glutathione yang baik untuk kesehatan dan kecantikan kulit anda.</p>\r\n<p>Kandungan Collagen pada KILEON bermanfaat untuk membantu memelihara kesehatan kulit, meningkatkan masa otot, memperlambat penuaan dini mengurangi keriput serta meningkatkan elastisitas kulit, mencegah kerusakan tulang rawan sendi, menguatkan tulang dan gigi, serta mengatasi kerontokan rambut.</p>\r\n<p>Kandungan L Glutathione pada KILEON bermanfaat untuk mencerahkan kulit tubuh, menyamarkan bekas jerawat, mengatasi kulit kusam, memudarkan flek, mengencangkan kulit, menghaluskan kulit, melindungi kulit dari efek buruk sinar uv, menangkal radikal bebas, meningkatkan efektifitas insulin serta mencegah kerusakan sel hati.</p>\r\n<p><strong>Cara Pakai :&nbsp;</strong></p>\r\n<ul>\r\n<li>Seduh 1 sachet KILEON kedalam segelas air (150ml) dengan suhu ruangan</li>\r\n<li>Aduk sampai merata dan langsung di minum</li>\r\n</ul>', 'Minuman serbuk yang mengandung FISH COLLAGEN yang membantu mengencangkan kulit wajah, menyuburkan rambut', 'product-covers/2gRgH5XOsELfzkYBWtL7NJaClsr8zamaHWbO1nE5.jpg', 1.00, 0, 100, 'PUBLISH', 1, 1, NULL, '2021-06-12 03:08:44', '2021-09-02 06:20:50', NULL, '[\"69701c3c89ca4b997d441bccdab3eea5\",\"434a09ec8ca00c9129621f358bc5222d\",\"f677709993e7b2bdb5deb978d8b87439\",\"dc06b899913a8375d93d7b8e45ea26b2\"]'),
(2, 'Eikana', 'eikana', '<p>Eikana merupakan minuman serbuk dengan rasa buah yang segar, kandungan sayur dan buahnya kaya akan serat, vitamin dan mineral sebagai sumber antioksidan yang tinggi, baik untuk kesehatan anda.</p>\r\n<p>Kandungan Corn Fiber, Psyllium Husk, dan Mangosteen, pada EIKANA bermanfaat membantu melancarkan buang air besar / mengatasi semebelit, membersihkan usus dari lemak jahat, menjaga kesehatan saluran pencernaan, membantu menurunkan berat badan, mengenyangkan ( tidak mudah lapar ), membuang racun dalam tubuh dan menurunkan kadar kolesterol sehingga mengurangi resiko penyakit jantung, mengandung anti oksidan tinggi menjaga daya tahan tubuh, mencegah tumor dan kanker.</p>\r\n<p>Kandungan L Arginin, L Gluthatione, dan Fish Oil pada EIKANA bermanfaat untuk membantu meperlancar peredaran darah dan mengurangi tekanan darah tinggi, menangkal radikal bebas, menjaga kesehatan kulit, mencegah kerusakan sel hati, meningkatkan fungsi kognitif, serta membantu mengontrol berat badan.</p>\r\n<p>&nbsp;</p>\r\n<p><strong>Aturan Minum :&nbsp;</strong></p>\r\n<ul>\r\n<li>Seduh 1 sachet Eikana dengan satu gelas air ( 150ml ) dengan suhu, ruangan, aduk merata dan langsung diminum</li>\r\n<li>untuk berat di bawah 75 kg cukup minum 1 sachet jam 11 siang sesudah sarapan pagi atau sebelum makan siang</li>\r\n<li>untuk berat badan di atas 75 kg minum 2 sachet yaitu yang pertama jam 11 siang dan sachet yang kedua jam 7-8 malam.</li>\r\n</ul>', 'Minuman Serbuk Extract Buah Dan Sayur mengandung bahan-bahan serat alami yang aman dan bermanfaat bagi tubuh anda.', 'product-covers/uDEftI7lEVykRwGQ7q8WeYgy6zWSdVyl4VcVj7oI.jpg', 1.00, 0, 100, 'PUBLISH', 1, 1, NULL, '2021-06-12 03:34:30', '2021-09-02 06:22:39', NULL, '[\"af2820c3ece8942aa68a0b388ce60ed0\",\"b7116d675c8c541256118708c55f1f12\",\"03c9e2eaecceb1c561b20f2904991135\",\"a22904b65b82abf5f4c72814f5ba3c3a\",\"887f18bcc95cbd557408871c698a2a1b\"]'),
(3, 'Gilcam Propolis', 'gilcam-propolis', '<p>Seluruh dunia sudah tau betapa banyak manfaat dari kandungan propolis bagi kesehatan tubuh. Selain menjaga dan menyeimbangkan imun tubuh anda, Gilcam Propolis kami di produksi dengan kualitas yang terjaga dan tentunya kaya manfaat bagi kesehatan anda.</p>\r\n<p><strong>Komposisi :&nbsp;</strong></p>\r\n<p>Madu, Propolis, Ekstract Tebu dan Mint</p>\r\n<p><strong>Ingredients :&nbsp;</strong></p>\r\n<p>Honey, Propolis, Cane Extract Mint</p>\r\n<p>&nbsp;</p>\r\n<p><strong>Aturan Pakai :</strong></p>\r\n<p>Teteskan 5 Gilcam Propolis ke dalam air lalu minum, 2 kali sehari</p>', 'Propolis Brazilian Nano Tech yang kaya manfaat untuk menjaga metabolisme tubuh anda', 'product-covers/lTNVol0W3E8TeVWi5BiXmNTWjI39glxd9nzboEi0.jpg', 1.00, 0, 100, 'PUBLISH', 1, 1, NULL, '2021-06-12 15:27:23', '2021-09-02 06:25:24', NULL, '[\"b7914ce318482efb67b6e3e09ae26533\",\"9d024c14914aa13ac19d2dce9c1a7365\",\"1c3d97c111a013bd3da6877096123757\"]'),
(4, 'Brightening Beauty Soap', 'brightening-beauty-soap', '<p>Kandungan Niacinamide, Aloe Barbadensis Extract, Pachyrhizus Erosus Root Extract pada brightening Body Soap bermanfaat membantu meredakan inflamasi pada kulit ( sebagian Skin Conditioning Agent) terutama untuk kulit berjerawat / kulit yang mudah berjerawat.&nbsp;</p>\r\n<p>Sebagai moisturizing, yaitu membantu mengatasi kulit kering dan kemerahan terutama untuk kulit yang sensitif terhadap produk kosmetika yang berlebihan, membantu mencerahkan kulit, meratakan warna kulit, memudarkan noda dan berkas jearawat, Membantu menjaga kulit agar tetap kencang, memudarkan kerutan dan keriput, serta meningkatkan elastisitas kulit.</p>\r\n<p><strong>Cara Pakai :&nbsp;</strong></p>\r\n<p>Basahi wajah / tubuh, basahi Beauty Soap dan gosok perhalan dengan telapak tangan hingga mengeluarkan busa, aplikasikan pada seluruh kulit wajah / tubuh, diamkan beberapa saat lalu bilas.</p>', 'Siapapun tidak akan bisa menolak kebaikan dari Evoush Brightening Beauty Soap', 'product-covers/5WL4zZmHersbDeiZm6kGs07P8UaLuRnem7D0Kiwb.jpg', 1.00, 0, 100, 'PUBLISH', 1, 1, NULL, '2021-06-12 15:29:48', '2021-09-02 06:26:30', NULL, '[\"e16a979b19434f26e28e8a162e13115c\",\"72b973a07274f8866a2982822571d29a\",\"183e1aaf69958a876c8d9d41174419ce\",\"e7d5de0fd9c7aee9d35b41f5d6dc62c2\"]'),
(5, 'Evoush Perfect Lipmatte', 'evoush-perfect-lipmatte', '<p><strong>Evoush Perfect Lipmatte</strong></p>\r\n<ol>\r\n<li>Natural Born: NA 18201301645</li>\r\n<li>Baby Rich: NA 18201301646</li>\r\n<li>Glazier: NA 18201301647</li>\r\n<li>Bourjois: NA 18201301648</li>\r\n<li>Zelda : NA 1820 1301649</li>\r\n<li>Diva : NA 18201301661</li>\r\n<li>Tiara : NA 18201301653</li>\r\n<li>Red Lipped Batfish : NA 18201301650</li>\r\n</ol>\r\n<p>&nbsp;&nbsp;&nbsp;&nbsp;&nbsp; Netto : 4gr</p>\r\n<p>&nbsp;&nbsp;&nbsp;&nbsp; 1 Paket: 4pcs</p>\r\n<p>&nbsp;</p>\r\n<p>Evoush Perfect Lipmatte dibuat dari bahan pilihan dan foodgrade, sehingga aman digunakan untuk jangka panjang, yaitu : <strong>Cyclopentaxiloxane, Kaolin, Talc, Titanium Dioxide dan Beeswax</strong>.</p>\r\n<p>&nbsp;</p>\r\n<p><strong>Keunggulan Lipmatte Evoush : </strong></p>\r\n<ol>\r\n<li>Lipmatte Evoush 3 in 1, lebih hemat, 1 produk dengan 3 manfaat: pewarna bibir, eye shadow dan blush on</li>\r\n<li>Food grade, aman jika tertelan</li>\r\n<li>No Paraben / No Timbal / No Merkuri, tidak&nbsp; menyebabkan bibir hitam/ alergi / gatal / bengkak / kanker mulut.</li>\r\n<li>Longlasting (ga perlu sering touch up setelah makan/minum) transferproof (tidak menempel pada masker, gelas dll)</li>\r\n<li>Pigmented, sekali oles warna sudah terlihat</li>\r\n<li>Tekstur ringan, tidak menggumpal jika terkena air.</li>\r\n<li>No Cracking, diperkaya&nbsp; vitamin B, melembabkan bibir tidak kering.</li>\r\n<li>Tersedia 8 warna, bisa menyesuaikan dengan tema make up (natural/bold)</li>\r\n</ol>\r\n<p><strong>cara pakai : </strong></p>\r\n<ul>\r\n<li>Pewarna Bibir : Oleskan tipis dan merata pada bibir, biarkan beberapa saat untuk benar-benar menempel sempurna</li>\r\n<li>Blush On : Oleskan sedikit saja, pada tulang pipi disatu sisi, ratakan, jika selesai baru pindah ke sisi lainnya. agar lebih mudah di blend.</li>\r\n<li>Eye Shadow : Oleskan sedikit saja pada kelopak mata, ratakan lalu ulangi pada kelopak mata sisi lainnya</li>\r\n</ul>\r\n<p>&nbsp;</p>', 'Perfect lipmatte menambah kesempurnaan penampilan anda semakin kece', 'product-covers/3By15Th9IM3HmofFAPC0cVv6dtFNgDBK43oiuSsq.jpg', 1.00, 0, 100, 'PUBLISH', 1, 1, NULL, '2021-06-12 15:33:47', '2021-09-02 06:29:04', NULL, '[\"cbf965e3e275be390697d2707e286976\",\"850f743f72b3dcf85dd94ac0d98111e3\",\"8d38190a4cf909f0c14a98c688d5c66d\",\"56117240632009e3c2390f90502f1713\"]'),
(6, 'Evoush Daycream', 'evoush-daycream', '<p>Sentuhan kelembutan Evoush Daycream akan membuat hari anda semakin terjaga, karena bukan tanpa sebab kulit anda semakin terjaga bersama Evoush Daycream yang di produksi dengan bahan dengan pilihan kualitas terbaik.</p>\r\n<p>Kandungan Titanium Dioxide, Alpha Arbutin, Grape Extract, Niacinamide, Aloe Berbadensis Extract, dan Sodium Hyaluronate pada White Perfect Day Cream bermanfaat membantu melindungi kulit dari pengaruh buruk sinar matahari ( Sebagai uv filter ), mencerahkan kulit, melembabkan / menghidrasi kulit.</p>\r\n<p>&nbsp;</p>\r\n<p><strong>Cara Pakai :&nbsp;</strong></p>\r\n<p>Usapkan tipis dan merata pada seluruh wajah setelah mengguanakn Face Wash dan Facial Toner, gunakan rutin pada pagi hari untuk hasil maksimal.</p>', 'Lindungi kulit wajah anda dengan sentuhan lembut Evoush Day Cream', 'product-covers/mfZSMWl5wQvH0FRm4tSFPKXSCUZHOKqXeA1q9DyM.jpg', 1.00, 0, 100, 'PUBLISH', 1, 1, NULL, '2021-06-12 15:35:12', '2021-09-02 06:29:45', NULL, '[\"b82507f69bc0c58b1bb764c9b068137e\",\"68e15d9b5afef202f61ca01fa795a39d\",\"0cff0d87fae2c5cd1d3eaf802b39e474\"]'),
(8, 'Evoush Nightcream', 'evoush-nightcream', '<p>Setelah seharian berbalut riasan wajah, tentunya kulit anda membutuhkan perawatan lebih di malam hari dikala kulit anda menjalankan proses regenerasi Evoush Nightcream akan menjadi faktor tambahan untuk semakin memperbaiki regenerasi kulit wajah anda di saat istirahat malam.</p>\r\n<p>Kandungan Baron Nitride, Kojic Acid, Niacinamide, Alpha Arbutin, Arisaema Amurense Extract, Citrus Lemon Fruit Extract, Collagen, dan Sodium Hyaluronate pada White Perfect Night Cream bermanfaat membantu mencerahkan kulit, mengatasi hiperpigmentasi, memudarkan flek dan noda berkas jerawat, memudarkan garis harus dan keriput, serta mengencangkan kulit.</p>\r\n<p><strong>Cara Pakai :&nbsp;</strong></p>\r\n<p>Usapkan tipis dan merata pada seluruh wajah, setelah menggunakan Face Wash, Facial Toner, dan Gold Jelly Serum. Gunakan secara rutin pada malam hari menjelang tidur.</p>', 'Beauty Skin Think Beauty Evoush Night Cream', 'product-covers/9hhOvtA4dfB2WacMwOJR25uf7YLn0C0dcRlyHxXF.jpg', 1.00, 0, 100, 'PUBLISH', 1, 1, NULL, '2021-06-12 15:39:28', '2021-09-02 07:04:36', NULL, '[\"2e437d8e0c08329d1eb30dd0da768309\",\"16eb0d32978451f533330e76a0792238\",\"ea9ac262f81aafb778e62655a43b2678\"]'),
(9, 'Evoush Body Serum', 'evoush-body-serum', '<p>Memliki kulit putih sehat dan menawan adalah impian setiap wanita, Evoush Body Serum lah jawaban yang senantiasa menjawab setiap pertanyaan sebagian impian diatas. Evoush Body Serum akan merawat kulit anda dengan kebaikan yang terkandung didalamnya.</p>\r\n<p>Kandungan Glycerin, Beeswax, Shea butter, dan Titanium Dioxide pada Precious White Body Serum bermanfaat untuk membantu melembabkan kulit hingga 10 x lipat dari lotion biasa, mengatasi kulit kering dan pecah-pecah, menghaluskan kulit, berbagai sunscreen yang melindungi kulit dari pengaruh buruk sinar matahari (uv filter), dan mencerahkan kulit tubuh.</p>\r\n<p>Precious White Body Serum cepat meresap, tidak lengket, wangi aroma susu, kulit cerah sejak pertama kali pakai.</p>\r\n<p>&nbsp;</p>\r\n<p><strong>Cara Pakai :&nbsp;</strong></p>\r\n<p>Tuangkan secukupnya pada telapak tangan usapkan merata pada tangan dan kaki. Untuk hasil maksimal, gunakan setelah Peeling Spray.</p>', 'For Precious Beauty Whitening Your Skin', 'product-covers/JB4mY62LkuhX4qppb7GSJ67vv4SmUnkJ5Kc9JFFd.jpg', 1.00, 0, 100, 'PUBLISH', 1, 1, NULL, '2021-06-12 15:40:34', '2021-09-02 07:05:47', NULL, '[\"a498d5c4519f2f52eb095582e3b17ad5\",\"04313337d9af43cffa5efa52ef8e05b3\",\"5de1d6113e65a2e602bc5d97433fc246\",\"f8266c1e212a408c359490e3680054d9\"]'),
(10, 'Evoush Peeling Spray', 'evoush-peeling-spray', '<p>Produk spray terbaik yang akan menjaga kulit anda dari sel-sel mati dari kulit yang biasanya sangat mengganggu penampilan, Evoush Peeling Spray sangat mudah di gunakan, praktis dan tentunya kualitas bahan yang tidak akan bisa di ragukan lagi manfaat dan kandungannya</p>\r\n<p>&nbsp;</p>\r\n<p>Kandungan Clycerin, Niacinamide, Licorice Extract, Aloe Barbadensis Extract, dan Collagen pada Peeling Spray yang dilengkapi scrub halus bermanfaat membantu membersihkan kulit hingga ke pori-pori, mengangkat sel kulit mati, menghaluskan tekstur kulit, kulit menjadi lembab, cerah dan bercahaya.</p>\r\n<p><strong>Cara Pakai :&nbsp;</strong></p>\r\n<p>Semprotkan pada wajah atau badan yang akan di peeling, terutama bagian lipatan seperti lutut, sikut, ketiak, leher, dll. Gosok perlahan dengan gerakan memutar hingga kotoran / daki terangkat, lalu bilas, Gunakan Secara teratur untuk hasil optimal.&nbsp;</p>\r\n<p>Khusus Wajah : Gunakan 3 Hari sekali / Seminggi 1-2 kali.</p>', 'Menjaga kulit dan membersihkan sel-sel mati pada kulit anda dengan cara praktis', 'product-covers/ScyuxusiG3992wHvBJfBcegfSSD0npdOrfyxUSzc.jpg', 1.00, 0, 100, 'PUBLISH', 1, 1, NULL, '2021-06-12 15:44:05', '2021-09-02 07:06:38', NULL, '[\"36e5ab62091f3c6696bb6b506896819a\",\"cad650e16cd8cf426cad1e464d561e2f\",\"d8adf87f1e6a91342cb8a5e5cc422cd5\",\"84c361f4b573e179aea9b3353e48f972\"]'),
(11, 'Evoush Pefect Gold Jelly Night', 'evoush-pefect-gold-jelly-night', '<p>Kandungan Alpha Arbutin, Niacinamide, Citrus Lemon Extract, Aloe Barbandensis Extract, Sodium Hyaluronate, Red Algae dan Vit C pada Perfect Gold Jelly Night Serum bermanfaat membantu menyamarkan kerutan, mengecilkan pori, menjaga elastisitas kulit, mencerahkan, mengatasi kulit kusam, dan meredakan peradangan.</p>\r\n<p><strong>Cara Pakai : </strong></p>\r\n<p>Pump Gold Jelly serum di ujung jari, lalu aplikasikan ke seluruh wajah sambil di pijat ringan dengan gerakan memutar ke atas. Untuk hasil maksimal gunakan rutin setiap malam, sebelum menggunakan Night Cream.</p>', 'Perfect Gold Jelly Night by Evoush', 'product-covers/e2jGaFkB5aialN2nhUHxFvGaoyoBCUu6Dii6HqXF.jpg', 1.00, 0, 100, 'PUBLISH', 1, 1, NULL, '2021-06-12 15:45:18', '2021-09-02 07:08:23', NULL, '[\"7144b0596a9eceead03b260a085da3e1\",\"7c6644a10baf1558d274300c4110b480\"]'),
(12, 'Evoush Facewash', 'evoush-facewash', '<p>Kandungan Glycerin, Collagen, Alpha Arbutin, dan Niacinamide pada Deep Cleansing Face Wash bermanfaat membantu membersihkan kulit dari debu dan kotoran, menghilangkan minyak dan sisa make up, kulit menjadi bersih, cerah, segar serta lembab.</p>\r\n<p>&nbsp;</p>\r\n<p><strong>Cara Pakai :&nbsp;</strong></p>\r\n<ul>\r\n<li>Basahi wajah, tekan pump, tuangkan foam pada tangan, aplikasikan perlahan pada wajah, hindari area mata, diamkan beberapa saat, lalu bilas.</li>\r\n</ul>', 'Menjaga kesehatan kulit terutama kulit wajah adalah sebuah modal utama dalam menjaga penampilan anda, Evoush Facewash melakukannya dengan sentuhan lembut bagi kulit anda', 'product-covers/sHDd5FdciecwM9mSzJS0sJHXDmAzdT55n8ay5tmh.jpg', 1.00, 0, 100, 'PUBLISH', 1, 1, NULL, '2021-06-12 15:47:00', '2021-09-02 07:16:43', NULL, '[\"652e01aca07f7a632cd90f0cece5755a\",\"8e1fae71fb8da7cffc972945bafc1e9b\",\"c322a71785be5cbf4223af30562a2550\",\"008c0aa2c590c5eeb03588563fb04d8e\",\"39c6ec91d138a6eebf78fff2860b6d1c\"]'),
(13, 'Evoush Facial Toner', 'evoush-facial-toner', '<p>Kandungan Licorice Extract, Glycolic Acid, Aloe Berbadensis Extract, Alpha Arbutin, Niacinamide dan Kojic Acid pada product Simple Shooting Facial Toner bermanfaat membantu membersihkan kulit hingga pori-pori, mengeksfoliasi kulit, meredakan peradangan, menyegarkan dan mencerahkan kulit.</p>\r\n<p><strong>cara pakai :&nbsp;</strong></p>\r\n<p>Semprotkan pada kapas secukupnya, tap secara ringan pada seluruh wajah. Gunakan setelah wajah dibersihkan menggunakan&nbsp;<strong>Face Wash.</strong></p>', 'Cara praktis dan simple untuk merawat kulit dengan kualitas terbaik dari produk Evoush Facial Toner yang senantiasa memberikan manfaat bagi kulit terbaik anda', 'product-covers/iS1KGhOj5lnhtngdZqK62K5uuBVNuRZTgvCYl5i5.jpg', 1.00, 0, 100, 'PUBLISH', 1, 1, NULL, '2021-06-12 15:48:03', '2021-09-02 07:23:02', NULL, '[\"0d57dcf42018d5e25a964b992f8dc400\",\"bc278013b025da43eb7fbb1da3c7c9eb\",\"c667a81bc623d4bea6fc2b996fc6b16a\",\"3f37a34a44c3bb5140bb679e880c0e73\"]'),
(14, 'Evost SOP 5000 Collagen', 'evost-sop-5000-collagen', '<h1><strong>Apple Powder Drink With Collagen</strong></h1>\r\n<p><strong>(Minuman Serbuk Apel dengan Kolagen)</strong></p>\r\n<ul>\r\n<li>Kolagen 5000 mg per sajian</li>\r\n<li>Salmon Bubuk</li>\r\n<li>Tinggi Protein</li>\r\n<li>Tinggi Serat Pangan</li>\r\n<li>Sumber Vitamin A</li>\r\n<li>Sumber Vitamin E</li>\r\n<li>Sumber Vitamin B2 (Riboflavin)</li>\r\n<li>Sumber Vitamin B6 (Pridoksin)</li>\r\n<li>Sumber Vitamin B9 (Asam Folat)</li>\r\n<li>Tinggi Vitamin C</li>\r\n<li>Sumber Kalsium</li>\r\n<li>Sumber Magnesium</li>\r\n<li>Sumber Selenium</li>\r\n<li>Tinggi Kolin</li>\r\n</ul>\r\n<p><strong>Komposisi : </strong></p>\r\n<p><strong>Peptide Kolagen Ikan (25%). </strong>Apel Bubuk (25%), Anggur bubuk, Serat larut dari jagung. Ekstrak buah-buahan, Inulin. <strong>Serat Gandum, </strong> L-Glutation, L-Aegnin, Premiks vitamin dan mineral, Antioksidan asam askorbat, Kalsium dari ekstrak ganggang laut, <strong>Salmon Bubuk. </strong> Pengatur keasaman ( Asam malat, Asam sitrat), Serat Jeruk, Ekstrak tebu, Ekstrak lidah buaya, Pemanis alami glikosida steviol, Biotin, Asam Folat.</p>\r\n<p>&nbsp;</p>\r\n<p><strong>Cara Penyajian : </strong></p>\r\n<ol>\r\n<li>Masukan 1 sachet ke dalam shaker</li>\r\n<li>Tambahkan 150 ml air dingin</li>\r\n<li>Aduk lalu shake hingga merata</li>\r\n<li>Evost siap disajikan</li>\r\n</ol>', 'Apple Powder Drink With Collagen (Minuman Serbuk Apel dengan Kolagen) merupakan product nutrisi terbaru evoush yang penuh manfaat terutama dalam menjaga kesehatan dan kecantikan anda', 'product-covers/eJC8hUOT7B1Tg56943hWhsI9KMH8k7CdRe2OFDbo.jpg', 1.00, 0, 100, 'PUBLISH', 1, 1, NULL, '2021-07-17 03:31:11', '2021-09-02 07:23:57', NULL, '[\"e24b716954a9f6e941bde2c13309d75b\",\"089441628ef088500fdb1ceaa6caa041\",\"ae0499f8dd088d4ffa5575f6b3ca7586\",\"8929c4f39a27adc87857be46d77d3e99\"]');

-- --------------------------------------------------------

--
-- Struktur dari tabel `profile`
--

CREATE TABLE `profile` (
  `id` bigint(20) UNSIGNED NOT NULL,
  `user_id` bigint(20) UNSIGNED NOT NULL,
  `quotes` mediumtext COLLATE utf8mb4_unicode_ci DEFAULT NULL,
  `cover` varchar(255) COLLATE utf8mb4_unicode_ci DEFAULT NULL,
  `about` longtext COLLATE utf8mb4_unicode_ci DEFAULT NULL,
  `deleted_at` timestamp NULL DEFAULT NULL,
  `created_at` timestamp NULL DEFAULT NULL,
  `updated_at` timestamp NULL DEFAULT NULL,
  `instagram` varchar(255) COLLATE utf8mb4_unicode_ci DEFAULT NULL,
  `facebook` varchar(255) COLLATE utf8mb4_unicode_ci DEFAULT NULL,
  `youtube` varchar(255) COLLATE utf8mb4_unicode_ci DEFAULT NULL,
  `city` varchar(255) COLLATE utf8mb4_unicode_ci NOT NULL,
  `province` varchar(255) COLLATE utf8mb4_unicode_ci NOT NULL,
  `parallax` varchar(255) COLLATE utf8mb4_unicode_ci DEFAULT NULL
) ENGINE=InnoDB DEFAULT CHARSET=utf8mb4 COLLATE=utf8mb4_unicode_ci;

--
-- Dumping data untuk tabel `profile`
--

INSERT INTO `profile` (`id`, `user_id`, `quotes`, `cover`, `about`, `deleted_at`, `created_at`, `updated_at`, `instagram`, `facebook`, `youtube`, `city`, `province`, `parallax`) VALUES
(1, 1, 'Kaji dan dalamilah sebelum engkau menduduki jabatan, karena kalau engkau telah mendudukinya, maka tidak ada kesempatan bagimu untuk mengkaji dan mendalaminya.', 'administrator/covers/Cl8rxRRBKSsrRS9UXMOqA5uTuh16caKbzp4jKB1Q.jpg', 'Halo gaess ! \r\nPerkenalkan saya puji ermanto, saya adalah web developer dari PT. Pineleng Indah Cemerlang. \r\nTugas utamaku di PT. Pineleng Indah Cemerlang adalah sebagai Fullstack Web Developer, secara singkat tugasku itu adalah membangun sebuah system aplikasi berbasis web guna memenuhi request dari perusahaan . Fungsi dari web tersebut oleh perusahaan di manfaatkan untuk aplikasi support member berupa profile affiliasi dari member yang telah terdaftar di dalam system yang terintegrasi lewat Restapi yang telah distandarisasi oleh pihak perusahaan. Dan saya membangun system untuk memanagemen product, mulai dari keluar masuk barang hingga membuat system order dengan system pembayaran yang terintegrasi dengan layanan payment yang berbasis restapi. Juga membuat media branding berupa content blog yang terus terupdate itu pun tugasku.', NULL, NULL, '2021-08-12 04:46:06', 'pujiermanto', 'pujiermanto', 'https://www.youtube.com/channel/UCxptCTRqJ5amS9nmztsG7jw', 'Kota Bandung', 'Jawa Barat', 'administrator/parallax/Ulj7Wu7TQTzKbTR8qc4tbyZNYek1g8g8NDpgQ6FS.png'),
(2, 2, 'Daun yang jatuh tak pernah menyalahkan angin yang berhembus', NULL, '<p>Akun ini bertugas untuk mengelola konten untuk artikel ataupun informasi yang menarik seputar evoush. Secara fungsional akun ini mengatur management kontent baik itu kontent tulisan dan design grafis yang memberikan informasi menarik dan terupdate untuk para member evoush utamanya dan khalayak awam selebihnya.</p>', NULL, '2021-06-28 00:19:32', '2021-06-28 00:19:32', 'evoush.official', 'evoush.evoush.12', 'https://www.youtube.com/channel/UCIzNgeNDD58z8XNppkopwzw', 'Kabupaten Sidoarjo', 'Jawa Timur', NULL),
(3, 3, NULL, NULL, NULL, NULL, '2021-08-06 21:10:38', '2021-08-18 10:58:20', NULL, NULL, NULL, 'Kota Banjarmasin', 'Kalimantan Selatan', NULL),
(5, 5, 'Jangan pernah takut jatuh<u>,</u>\nKarena orang yg tidak pernah memanjat adalah yang tidak pernah jatuh.\nJangan takut gagal,\nKarena yang tidak gagal adalah yang tidak pernah berani melangkah,\nJangan takut salah,\nKarena tanpa salah kita tidak pernah tau mana yg benar.\nJangan takut <b>join di evoush</b>, karena tanpa menjalani peluangnya kamu tidak pernah tau, kalau di evoush ada bisnis dengan hasil besar.\nTerus melangkah walaupun ada jatuh, karena gagalmu adalah batu loncatan untuk sukses. \nSalam sukses\n<b>Diena Top income Evoush</b>', NULL, NULL, NULL, '2021-08-04 02:16:23', '2021-08-29 05:24:18', 'diena_nayla', 'Luthfi-Kardhina-Sari', NULL, 'Kota Banjarmasin', 'Kalimantan Selatan', NULL),
(6, 6, NULL, NULL, NULL, NULL, '2021-08-06 21:09:35', '2021-08-06 21:09:35', NULL, NULL, NULL, 'Kabupaten Sidoarjo', 'Jawa Timur', NULL),
(7, 7, '<p>Selama kita tidak menyerah, maka segala kemungkinan masih bisa terjadi, tidak ada yang tidak mungkin.. Jadi berjuang lah sekuat tenaga untuk meraih semua mimpi.. <strong>Orang SUKSES</strong> selalu kelebihan satu cara.. Sedangkan <span style=\"text-decoration: line-through;\"><em>orang gagal</em></span> selalu kelebihan satu alasan</p>', NULL, '<h6><br></h6>', NULL, '2021-06-29 05:05:58', '2021-08-31 11:12:47', NULL, NULL, NULL, 'Kabupaten Sidoarjo', 'Jawa Timur', 'hendry/parallax/GTQ9fbg1W94SKZP6JRdmG9dHHzOj89KAsePj3Jio.jpg'),
(8, 8, 'TERIMA KESEMPATAN PELUANG YANG DATANG, GAGAL ITU URUSAN NANTI YANG TERPENTING KITA BERANI MENCOBA DAN MENCOBA', NULL, '<p>Saya seorang ibu rumah tangga yang memiliki 2 org putri,setelah selesai mengeyam pendidikan diperguruan tinggi swasta di kota malang saya langsung bekerja dgn berbagai profesi sebagai seorang guru akuntansi &nbsp;dan kemudian bekerja sebagai staff acounting di perusahaan swasta.<br />Karena suami yang hrs berpindah tempat kerja ke kota lain dan keterbatasan waktu untuk keluarga saya akhirnya resign.<br />Kemudian saya memulai bisnis sendiri dan akhirnya saya di perkenalkan oleh seorang teman dengan <strong>product Evoush</strong>.<br />Awalnya saya hanya pemakai krn &nbsp;saya merasakan manfaat dr product tersebut saya ingin langsung menjalankan bisnisnya.<br />Dengan tekad yang kuat bermodalkan tabungan dari bisnis sebelumnya saya mengambil inisiatif untuk bergabung menjadi mitra <strong>Evoush</strong>...banyak yg saya dptkan di bisnis ini selain pencapaian <strong>Sapphire &nbsp;dgn income puluhan juta rupiah</strong> dlm <strong>kurun waktu 3 bulan</strong>...yang membuat saya lebih mantap lagi adalah menjadi mitra <strong>PT. Pineleng Indah Cemerlang</strong>, perusahaan yg sdh memiliki legalitas dan kompoten untuk menaungi mitra2nya di seluruh Indonesia maupun di Asia</p>', NULL, '2021-06-29 05:03:57', '2021-06-29 05:03:57', NULL, NULL, 'putriku', 'Kabupaten Bima', 'Nusa Tenggara Barat', NULL),
(9, 9, NULL, NULL, '<p>Pertama kenal Evoush di Fb dengan bapak dir langsung..<br />Awalnya diperkenalkan produk dan sistem marketing<br />Buat sya ini ada peluang usaha sangat bagus..selain produk2 bermanfaat juga peluang usaha yg sngat baik dimasa sperti sekarang ini / pandemi covid 19<br />Selain bisnis nya yg sangat mudah dilakukan sy memperkanalkan ke semua kalangan sperti anak sekolah SMA .ibu rumah tangga..Karyawan swasta dan ASN juga mau mengambil peluang usaha evoush ini<br />Dan disela2 kesibukan sy sbgai Ibu Rumah Tangga dan Pengusaha dan tetap bisa memperkenalkan bisnis evoush kepada teman2<br />Dengan bermodal hanya 3,2 jt saya sdh mendpatkan omset smpai 35 jt an dan mencapai posisi saphire</p>', NULL, '2021-06-29 05:13:00', '2021-06-29 05:13:00', NULL, NULL, NULL, 'Kabupaten Lombok Tengah', 'Nusa Tenggara Barat', NULL),
(10, 11, 'Tidak ada eskalator menuju sukses.Kamu harus berani menaiki tangga demi tangga menuju puncak,tidak ada jalan pintas.', NULL, NULL, NULL, '2021-07-01 04:12:34', '2021-07-02 08:28:01', NULL, NULL, NULL, 'Kabupaten Sidoarjo', 'Jawa Timur', 'kinclong/parallax/XOqXGVTCPcjDUb8MIZ8mdf52dLqKMPHsWXjVaCvU.jpg'),
(11, 12, NULL, NULL, NULL, NULL, '2021-08-04 02:21:38', '2021-08-04 02:21:38', 'ayurey2804', NULL, NULL, 'Kota Banjarmasin', 'Kalimantan Selatan', NULL),
(12, 13, 'Tidak ada kata terlambat,yang ada...Kapan Anda Memulai?\" Pemenang Adalah yang bertahan hingga garis finish.', NULL, '<ul>\n						<li>\n							<b>Tahun 2001</b> <br>\n							Lulus dari salah satu Perguruan tinggi Swasta di Jawa timur dengan jurusan International Relationship.\n						</li>\n						<li>\n							<b>Tahun 2002</b> <br>\n							Melanjutkan Kuliah kembali di perhotelan dengan jurusan Food&Beverages.\n						</li>\n						<li>\n							<b>Tahun 2003</b> <br>\n							Setelah lulus dari Kuliah Perhotelan memutuskan  Magang Di Salah Satu Hotel Bintang 5 Di Surabaya.\n						</li>\n						<li>\n							<b>Tahun 2004-2006</b> <br>\n							Memutuskan Ke Malaysia&bekerja sebagai Chef.\n						</li>\n						<li>\n							<b>Tahun 2006-2007</b> <br>\n							Akhir 2006 Bekerja di Perusahaan Transportasi Di Doha,Qatar selama 1 Tahun.\n						</li>\n						<li>\n							<b>Tahun 2008</b> <br>\n							Kembali lagi ke Malaysia,kali ini mencoba tantangan baru,yaitu bekerja sebagai pemain catur setempat selama 2tahun.\n						</li>\n						<li>\n							<b>Tahun 2010</b> <br>\n							Setelah masa kontrak di dunia catur habis,sy tidak memperpanjang kontrak&kembali mencari pengalaman baru,kali ini Bekerja di Sebuah Casino di Salah satu tempat hiburan Paling mewah di Malaysia.\n						</li>\n						<li>\n							<b>Tahun 2012-2014</b> <br>\n							Kembali lagi dan menekuni di dunia catur,kali ini sebagai Pelatih Privat siswa Catur kelas Basic-Intermediate.\n						</li>\n						<li>\n							<b>2015</b> <br>\n							Merasa bosan di luar negeri akhirnya memutuskan pulang ke Tanah air, dari sini mencoba peruntungan mulai menjadi Marketing kartu kredit hingga bekerja di perusahaan Valas di Surabaya.\n						</li>\n						<li>\n							<b>2016</b> <br>\n							Menekuni bisnis keluarga di dunia parfum&mencoba membuka beberapa gerai Parfum d Jawa timur.\n						</li>\n						<li>\n							<b>2020</b> <br>\n							Sampai akhir nya ketemu lah dg Bisnis baru ini yaitu di Dunia MLM yg kebanyakan orang alergi, setelah mencoba masuk menjadi member,bulan pertama&bulan kedua tanpa ada hasil yg signifikan karena belum mau menjalankan nya, Setelah bulan ketiga...mulai menjalankan bisnis nya...Alhamdulillah di Bulan ketiga penghasilan beranjak naik,mulai ratusan ribu,hingga Puluhan Juta...Dan Alhamdulillah lagi bisa tembus 10 besar sampai beranjak naik 3 besar penghasilan terbesar di Perusahaan ini,lebih dahsyat nya lg di bulan ketiga-kelima dapat penghargaan 3Sapphire, dari sini mulai yakin bahwa,sy berada di Kendaraan(Perusahaan) yg benar&dibantu dg Leader&Management yg bagus...Insha Allah berkah selamanya..Aamiin...\n						</li>\n					</ul>', NULL, '2021-08-04 02:22:39', '2021-08-06 02:24:47', NULL, NULL, NULL, 'Kabupaten Sidoarjo', 'Jawa Timur', NULL),
(13, 14, NULL, NULL, NULL, NULL, '2021-08-04 02:19:30', '2021-08-04 02:19:30', 'deded.syahrezanew', 'deded.syahreza', 'https://www.youtube.com/channel/UCbxBVGeLwBgLgF5ysLpu-lw', 'Kota Banjarmasin', 'Kalimantan Selatan', NULL),
(14, 15, 'Dunia ini dipenui dengan orang-orang baik dan jika kamu tidak dapat menemukannya, jadilah salah satunya', NULL, '<p>Berkomitmen yang kuat untuk selalu maju dan selalu menyampaikan informasi tentang berbisnis di evoush. Baik itu manfaat produknya maupun system bisnisnya yang handal, selalu belajar ...</p>', NULL, '2021-06-29 05:16:59', '2021-06-29 05:16:59', NULL, NULL, NULL, 'Kabupaten Kapuas', 'Kalimantan Tengah', NULL),
(15, 16, 'jangan cemas kalau badai datang, karena disana juga akan ada pelangi yang menunggu', NULL, '<p>Saya adalah seorang praktisi kesehatan di bidang kefarmasian yang telah memulai berbisnis dg evoush. Saya memulai bisnis evoush ini dengan menjadi pemakai dr produk nya terlebih dahulu.<br />Dengan bermodalkan uang tabungan yang dulu beserta dengan bantuan suami dan tekad yang kuat, saya pun memulai bisnis yang sekarang sudah membawa saya k peringkat shapire dlm kurung waktu 2,5 bulan dg omset puluhan juta rupiah</p>', NULL, '2021-06-29 04:40:21', '2021-06-29 04:40:21', NULL, NULL, 'saidahlaila', 'Kabupaten Hulu Sungai Selatan', 'Kalimantan Selatan', NULL),
(16, 10, NULL, NULL, NULL, NULL, '2021-08-07 00:05:58', '2021-08-07 00:05:58', NULL, NULL, NULL, 'Kabupaten Kediri', 'Jawa Timur', NULL),
(17, 18, NULL, NULL, NULL, NULL, '2021-08-09 22:25:58', '2021-08-09 22:25:58', NULL, NULL, NULL, 'Kabupaten Kapuas', 'Kalimantan Tengah', NULL),
(18, 19, NULL, NULL, NULL, NULL, '2021-08-11 22:02:30', '2021-08-11 22:02:30', NULL, NULL, NULL, 'Kabupaten Sidoarjo', 'Jawa Timur', NULL),
(64, 20, NULL, NULL, NULL, NULL, '2021-08-19 06:03:58', '2021-08-19 06:03:58', NULL, NULL, NULL, 'Kabupaten Sidoarjo', 'Jawa Timur', NULL),
(82, 4, NULL, NULL, NULL, NULL, '2021-08-27 07:27:46', '2021-08-27 07:27:46', NULL, NULL, NULL, 'Kabupaten Sidoarjo', 'Jawa Timur', NULL),
(90, 34, NULL, NULL, NULL, NULL, '2021-08-28 04:35:59', '2021-08-28 04:35:59', NULL, NULL, NULL, 'Kota Bandung', 'Jawa Barat', NULL);

-- --------------------------------------------------------

--
-- Struktur dari tabel `provinces`
--

CREATE TABLE `provinces` (
  `id` bigint(20) UNSIGNED NOT NULL,
  `province_id` int(10) UNSIGNED NOT NULL,
  `name` varchar(191) COLLATE utf8mb4_unicode_ci NOT NULL,
  `created_at` timestamp NULL DEFAULT NULL,
  `updated_at` timestamp NULL DEFAULT NULL
) ENGINE=InnoDB DEFAULT CHARSET=utf8mb4 COLLATE=utf8mb4_unicode_ci;

--
-- Dumping data untuk tabel `provinces`
--

INSERT INTO `provinces` (`id`, `province_id`, `name`, `created_at`, `updated_at`) VALUES
(1, 1, 'Bali', '2021-09-13 21:11:51', '2021-09-13 21:11:51'),
(2, 2, 'Bangka Belitung', '2021-09-13 21:11:53', '2021-09-13 21:11:53'),
(3, 3, 'Banten', '2021-09-13 21:11:55', '2021-09-13 21:11:55'),
(4, 4, 'Bengkulu', '2021-09-13 21:11:56', '2021-09-13 21:11:56'),
(5, 5, 'DI Yogyakarta', '2021-09-13 21:11:58', '2021-09-13 21:11:58'),
(6, 6, 'DKI Jakarta', '2021-09-13 21:12:00', '2021-09-13 21:12:00'),
(7, 7, 'Gorontalo', '2021-09-13 21:12:02', '2021-09-13 21:12:02'),
(8, 8, 'Jambi', '2021-09-13 21:12:04', '2021-09-13 21:12:04'),
(9, 9, 'Jawa Barat', '2021-09-13 21:12:06', '2021-09-13 21:12:06'),
(10, 10, 'Jawa Tengah', '2021-09-13 21:12:09', '2021-09-13 21:12:09'),
(11, 11, 'Jawa Timur', '2021-09-13 21:12:12', '2021-09-13 21:12:12'),
(12, 12, 'Kalimantan Barat', '2021-09-13 21:12:15', '2021-09-13 21:12:15'),
(13, 13, 'Kalimantan Selatan', '2021-09-13 21:12:16', '2021-09-13 21:12:16'),
(14, 14, 'Kalimantan Tengah', '2021-09-13 21:12:18', '2021-09-13 21:12:18'),
(15, 15, 'Kalimantan Timur', '2021-09-13 21:12:20', '2021-09-13 21:12:20'),
(16, 16, 'Kalimantan Utara', '2021-09-13 21:12:23', '2021-09-13 21:12:23'),
(17, 17, 'Kepulauan Riau', '2021-09-13 21:12:25', '2021-09-13 21:12:25'),
(18, 18, 'Lampung', '2021-09-13 21:12:28', '2021-09-13 21:12:28'),
(19, 19, 'Maluku', '2021-09-13 21:12:30', '2021-09-13 21:12:30'),
(20, 20, 'Maluku Utara', '2021-09-13 21:12:32', '2021-09-13 21:12:32'),
(21, 21, 'Nanggroe Aceh Darussalam (NAD)', '2021-09-13 21:12:33', '2021-09-13 21:12:33'),
(22, 22, 'Nusa Tenggara Barat (NTB)', '2021-09-13 21:12:36', '2021-09-13 21:12:36'),
(23, 23, 'Nusa Tenggara Timur (NTT)', '2021-09-13 21:12:38', '2021-09-13 21:12:38'),
(24, 24, 'Papua', '2021-09-13 21:12:40', '2021-09-13 21:12:40'),
(25, 25, 'Papua Barat', '2021-09-13 21:12:43', '2021-09-13 21:12:43'),
(26, 26, 'Riau', '2021-09-13 21:12:47', '2021-09-13 21:12:47'),
(27, 27, 'Sulawesi Barat', '2021-09-13 21:12:49', '2021-09-13 21:12:49'),
(28, 28, 'Sulawesi Selatan', '2021-09-13 21:12:51', '2021-09-13 21:12:51'),
(29, 29, 'Sulawesi Tengah', '2021-09-13 21:12:53', '2021-09-13 21:12:53'),
(30, 30, 'Sulawesi Tenggara', '2021-09-13 21:12:55', '2021-09-13 21:12:55'),
(31, 31, 'Sulawesi Utara', '2021-09-13 21:12:57', '2021-09-13 21:12:57'),
(32, 32, 'Sumatera Barat', '2021-09-13 21:12:59', '2021-09-13 21:12:59'),
(33, 33, 'Sumatera Selatan', '2021-09-13 21:13:01', '2021-09-13 21:13:01'),
(34, 34, 'Sumatera Utara', '2021-09-13 21:13:03', '2021-09-13 21:13:03');

-- --------------------------------------------------------

--
-- Struktur dari tabel `users`
--

CREATE TABLE `users` (
  `id` bigint(20) UNSIGNED NOT NULL,
  `name` varchar(255) COLLATE utf8mb4_unicode_ci NOT NULL,
  `email` varchar(255) COLLATE utf8mb4_unicode_ci NOT NULL,
  `email_verified_at` timestamp NULL DEFAULT NULL,
  `password` varchar(255) COLLATE utf8mb4_unicode_ci NOT NULL,
  `remember_token` varchar(100) COLLATE utf8mb4_unicode_ci DEFAULT NULL,
  `created_at` timestamp NULL DEFAULT NULL,
  `updated_at` timestamp NULL DEFAULT NULL,
  `username` varchar(255) COLLATE utf8mb4_unicode_ci NOT NULL,
  `roles` varchar(255) COLLATE utf8mb4_unicode_ci NOT NULL,
  `address` text COLLATE utf8mb4_unicode_ci DEFAULT NULL,
  `phone` varchar(255) COLLATE utf8mb4_unicode_ci NOT NULL,
  `avatar` varchar(255) COLLATE utf8mb4_unicode_ci DEFAULT NULL,
  `status` enum('ACTIVE','INACTIVE') COLLATE utf8mb4_unicode_ci NOT NULL,
  `achievements` varchar(191) COLLATE utf8mb4_unicode_ci DEFAULT NULL
) ENGINE=InnoDB DEFAULT CHARSET=utf8mb4 COLLATE=utf8mb4_unicode_ci;

--
-- Dumping data untuk tabel `users`
--

INSERT INTO `users` (`id`, `name`, `email`, `email_verified_at`, `password`, `remember_token`, `created_at`, `updated_at`, `username`, `roles`, `address`, `phone`, `avatar`, `status`, `achievements`) VALUES
(1, 'puji ermanto', 'pujiermanto@gmail.com', NULL, '$2y$10$5Mib7Q.KxYo0LXpegbOpCOWy6uQ5CqSDn02QkD/FT0.WemStEtz3q', NULL, '2021-05-28 07:34:40', '2021-08-12 04:36:59', 'administrator', '[\"ADMIN\",\"STAFF\",\"WEBDEVELOPER\",\"AUTHOR\"]', 'Jl. Boeing Utara 1 No.7', '6288222668778', 'administrator/profile/VBaRe13jR3isDZO699C2BHVkrylirdPN3fAjom2N.jpg', 'ACTIVE', NULL),
(2, 'evoush author', 'evoushauthor@evoush.com', NULL, '$2y$10$lZ1LcyoA9VlyE0By4TuRGOCraIcyZ630KyaLw2hRnCG2/Nk65lyby', NULL, '2021-06-28 00:19:31', '2021-06-28 00:19:31', 'evoush_author2021', '[\"AUTHOR\"]', 'Pergudangan sirie Blok-S/20', '6288222668778', NULL, 'ACTIVE', NULL),
(3, 'fahrin', 'fahrin@evoush.com', NULL, '$2y$10$TU6CRLs3H0.g0Vu6fDY7F.tM8T1..7LyQZCe5A6rzRexrkkUhQFEi', NULL, '2021-08-06 21:10:38', '2021-09-07 22:00:19', 'thefounder', '[\"MEMBER\"]', NULL, '628123889992', 'thefounder/profile/b79SWPgoy6IMmfHgpz64dUidsrSg2HyICewODUts.png', 'ACTIVE', '[\"STAR SAPHIRE\"]'),
(4, 'fenti rifqi', 'fentirifqi@evoush.com', NULL, '$2y$10$U3Av3rVextZxmYP4BFFQkO6tWQfj/aINE7AH80Sn1JPio3vO7L5J6', NULL, '2021-08-27 07:27:45', '2021-09-07 22:00:51', 'fentirifqi', '[\"MEMBER\"]', NULL, '628899888888', 'fentirifqi/profile/XrF8q1JYjNOoiiHNSOe7p5QvYpG7E34Ca3u0JVrV.png', 'ACTIVE', '[\"STAR SAPHIRE\"]'),
(5, 'Luthfi Kardhina Sari', 'dieana@evoush.com', NULL, '$2y$10$2X5oi1JTMhK.4c5yjuWmEuKAuWz3HEB44qEgOCZ5lM.7bQznhIR7K', NULL, '2021-08-04 02:16:23', '2021-09-07 22:02:04', 'dieanaevoush', '[\"MEMBER\"]', NULL, '6288222668778', 'dieanaevoush/profile/X7eQgigfTZGxmayJ4gCb9aQDjWuGgNlSWWcWwska.png', 'ACTIVE', '[\"STAR SAPHIRE\"]'),
(6, 'rifqi', 'rifqi@evoush.com', NULL, '$2y$10$BAYxvc8aOaxZ6/.qqIqTqu/ay71Q/wzXCBXw2z8hpcGFLK8U/TX.G', NULL, '2021-08-06 21:09:35', '2021-09-07 22:02:40', 'coachrifqi', '[\"MEMBER\"]', NULL, '628899888888', 'coachrifqi/profile/SMkbGZLfXw6k9DhcTuQurWCHwLdXtKnazxhZ3d8Z.png', 'ACTIVE', '[\"STAR SAPHIRE\"]'),
(7, 'hendriyanto', 'hendry@evoush.com', NULL, '$2y$10$o4MACEXM0Yr9Bmwbnoobfudpa7A1yC32mB7OHRo3zJYs5q9JimlMm', NULL, '2021-06-29 05:05:57', '2021-08-12 01:47:08', 'hendry', '[\"MEMBER\"]', NULL, '6281230174799', 'hendry/profile/SrPPERzayU7a9W3Pff7ziYUoX5oysaHU4YMwZsRj.png', 'ACTIVE', '[\"SAPHIRE\"]'),
(8, 'Endang Ekawati,S.E', 'putriku@evoush.com', NULL, '$2y$10$k2sVowHeONULiTUKAX554uyIiZUDh7tKlJ4RORv1jWmPtbM71u1fW', NULL, '2021-06-29 05:03:56', '2021-08-10 03:08:11', 'putriku', '[\"MEMBER\"]', NULL, '6285225497552', 'putriku/profile/2ruhNc7az5e6bfwoFVFvjgW75IjvgVhBmm8bIcWy.png', 'ACTIVE', '[\"SAPHIRE\"]'),
(9, 'Ratmina', 'ratmina@evoush.com', NULL, '$2y$10$RPDLhJo8aX0t1UX4t.ppG.HvUa7iSdsdow5od6Cgcmea4pNdBSobe', NULL, '2021-06-29 05:12:58', '2021-08-10 03:07:36', 'ratmina', '[\"MEMBER\"]', NULL, '6282237984519', 'ratmina/profile/cddC2WgpDF9DwUum3MOkUNVsKN22usfaZwrwuqfa.png', 'ACTIVE', '[\"SAPHIRE\"]'),
(10, 'agung irdiyanto', 'founder@evoush.com', NULL, '$2y$10$f5S5BeUTdYW1skz.xlkreOLpqGyR0tl.HAp4fXNC9Jg6p5J6v4aq.', NULL, '2021-08-07 00:05:58', '2021-08-09 02:05:45', 'founder', '[\"MEMBER\"]', NULL, '6283848098887', 'kangariel/profile/MYbcsMaLyCr6pTzhh74LOvR8q7qy9uff0CLhH3G3.png', 'ACTIVE', '[\"STAR SAPHIRE\"]'),
(11, 'Tutik Rahayu', 'kinclong@evoush.com', NULL, '$2y$10$dkMBXFp9MzVIVP89ib2ZUeZC6OfnjeNwcsOvl3.76xz7CqYd0Zexa', NULL, '2021-07-01 04:12:31', '2021-08-09 02:04:31', 'kinclong', '[\"MEMBER\"]', NULL, '6282131609949', 'kinclong/profile/QkIahVq6B9ixDXNdCIhv6Dln1j2mjJofL1AEScAl.png', 'ACTIVE', '[\"SAPHIRE\"]'),
(12, 'ayurey', 'ayurey@evoush.com', NULL, '$2y$10$AdN7Un9JFH/LPmTs.B1toeK1Obb9nITNPco3FQoQGyxy1H5YjuTue', NULL, '2021-08-04 02:21:38', '2021-08-09 02:07:15', 'ayurey', '[\"MEMBER\"]', NULL, '087887898787732', 'ayurey/profile/xcEpPrnllGOG8VCRVvb25h9la9BYtxOQ5mi6Ifu9.png', 'ACTIVE', '[\"SAPHIRE\"]'),
(13, 'Ababil Alung Edoardo', 'ababil@evoush.com', NULL, '$2y$10$v9fiC8mEzBvmes9hNAiLZuXmNzbv7JHdFaw.lltv5D9hAHs3ivjuK', NULL, '2021-08-04 02:22:39', '2021-08-09 02:05:30', 'ababil', '[\"MEMBER\"]', NULL, '6281333372172', 'ababil/profile/2l0Hs8Z6taE204UPHSpd3ufU694hrDs6hM8xJDBq.png', 'ACTIVE', '[\"SAPHIRE\"]'),
(14, 'deded syahreza', 'deded@evoush.com', NULL, '$2y$10$ORtRaKMjrG.g2kL5pmEII.jUY9m/tL.vaihreyhX3dyNah5Nt85t2', NULL, '2021-08-04 02:19:30', '2021-08-09 02:05:15', 'deded', '[\"MEMBER\"]', NULL, '08988987878787', 'deded/profile/A9WYUNhlmnBHqgPCRjNiTYLPXML4feiOeYVPfv4B.png', 'ACTIVE', '[\"SAPHIRE\"]'),
(15, 'Rahmad', 'rahmad@evoush.com', NULL, '$2y$10$lw1SOTDadyjk5aC0PzeATeYrgEorBAAU7iobaqu4GmXLemrtsIcdG', NULL, '2021-06-29 05:16:58', '2021-08-09 02:04:41', 'rahmadisa', '[\"MEMBER\"]', NULL, '6282157497162', 'rahmadisa/profile/8jRbMys4juzPGZrXFxeerVgRHVQ9Xfg2TEPXTIj1.png', 'ACTIVE', '[\"SAPHIRE\"]'),
(16, 'saidah laila', 'saidahlaila@evoush.com', NULL, '$2y$10$PkjcW63fJAE70ecJtQ0PMuie0RunquyzzRZfwLBDW3hQXMmKgGz6S', NULL, '2021-06-29 04:40:20', '2021-08-09 02:04:59', 'saidahlaila', '[\"MEMBER\"]', NULL, '6285347231325', 'saidahlaila/profile/C8XdULsc3fKXKSMbun6wtJT6huyxhvsY2Wd3PYaU.png', 'ACTIVE', '[\"SAPHIRE\"]'),
(18, 'hadi ramadhoni', 'hadi@evoush.com', NULL, '$2y$10$Q3qGSdsNn9a7d9YQ2BOvBuQ7FRL.OXYt/P/DBkshe/5jfIPUyBbhS', NULL, '2021-08-09 22:25:57', '2021-08-09 22:26:24', 'hadiramadhoni', '[\"MEMBER\"]', NULL, '62872872827', 'hadiramadhoni/profile/ucmj6exmDeFEnR28aYmxMTE5kBs1SvORCTjtb6zk.png', 'ACTIVE', '[\"SAPHIRE\"]'),
(19, 'Dian Leo Efendi', 'leojadoel@evoush.com', NULL, '$2y$10$wyplRl990JF2GkgOHfNJU.rMsE9VxtJR13VLr1IXBPta3WBwscqT2', NULL, '2021-08-11 22:02:29', '2021-08-27 23:36:59', 'leojadoel', '[\"MEMBER\"]', NULL, '62827827827', 'leojadoel/profile/oS6GpcdWJY50U5i2EDV5V1633JvvMT6ZShps2O9f.png', 'ACTIVE', ''),
(20, 'randi', 'randi@evoush.com', NULL, '$2y$10$KWlcOTQVB9escgGAc2jW2uUXD5jB6Z2V.C64EKwBouDNsMyGsbyjq', NULL, '2021-08-19 06:03:58', '2021-08-19 06:03:58', 'randi', '[\"STAFF\"]', NULL, '6288222668778', NULL, 'ACTIVE', NULL),
(34, 'coba member', 'test@evoush.com', NULL, '$2y$10$0AnhPlzETkiDfrp7NQyD7eD3yOCM9hrPgTROc2WbqVQQ4CzuDzQZC', NULL, '2021-08-28 04:35:59', '2021-08-28 04:35:59', 'cobamember', '\"FOLLOWER\"', NULL, '0882-2266-8778', NULL, 'INACTIVE', NULL);

--
-- Indexes for dumped tables
--

--
-- Indeks untuk tabel `api_data_test`
--
ALTER TABLE `api_data_test`
  ADD PRIMARY KEY (`id`);

--
-- Indeks untuk tabel `articles`
--
ALTER TABLE `articles`
  ADD PRIMARY KEY (`id`),
  ADD KEY `articles_category_id_foreign` (`category_id`);

--
-- Indeks untuk tabel `categories`
--
ALTER TABLE `categories`
  ADD PRIMARY KEY (`id`),
  ADD UNIQUE KEY `categories_slug_unique` (`slug`);

--
-- Indeks untuk tabel `category_articles`
--
ALTER TABLE `category_articles`
  ADD PRIMARY KEY (`id`);

--
-- Indeks untuk tabel `category_message`
--
ALTER TABLE `category_message`
  ADD PRIMARY KEY (`id`);

--
-- Indeks untuk tabel `category_product`
--
ALTER TABLE `category_product`
  ADD PRIMARY KEY (`id`),
  ADD KEY `category_product_product_id_foreign` (`product_id`),
  ADD KEY `category_product_category_id_foreign` (`category_id`);

--
-- Indeks untuk tabel `cities`
--
ALTER TABLE `cities`
  ADD PRIMARY KEY (`id`);

--
-- Indeks untuk tabel `contact_message`
--
ALTER TABLE `contact_message`
  ADD PRIMARY KEY (`id`),
  ADD KEY `contact_message_category_id_foreign` (`category_id`);

--
-- Indeks untuk tabel `deliver_konsultasis`
--
ALTER TABLE `deliver_konsultasis`
  ADD PRIMARY KEY (`id`),
  ADD KEY `deliver_konsultasis_consult_id_foreign` (`consult_id`);

--
-- Indeks untuk tabel `event`
--
ALTER TABLE `event`
  ADD PRIMARY KEY (`id`);

--
-- Indeks untuk tabel `failed_jobs`
--
ALTER TABLE `failed_jobs`
  ADD PRIMARY KEY (`id`),
  ADD UNIQUE KEY `failed_jobs_uuid_unique` (`uuid`);

--
-- Indeks untuk tabel `joining`
--
ALTER TABLE `joining`
  ADD PRIMARY KEY (`id`),
  ADD KEY `joining_member_id_foreign` (`member_id`),
  ADD KEY `joining_user_id_foreign` (`user_id`);

--
-- Indeks untuk tabel `konsultasis`
--
ALTER TABLE `konsultasis`
  ADD PRIMARY KEY (`id`);

--
-- Indeks untuk tabel `member`
--
ALTER TABLE `member`
  ADD PRIMARY KEY (`id`),
  ADD KEY `member_sponsor_id_foreign` (`sponsor_id`),
  ADD KEY `member_user_id_foreign` (`user_id`);

--
-- Indeks untuk tabel `menus`
--
ALTER TABLE `menus`
  ADD PRIMARY KEY (`id`);

--
-- Indeks untuk tabel `migrations`
--
ALTER TABLE `migrations`
  ADD PRIMARY KEY (`id`);

--
-- Indeks untuk tabel `oauth_access_tokens`
--
ALTER TABLE `oauth_access_tokens`
  ADD PRIMARY KEY (`id`),
  ADD KEY `oauth_access_tokens_user_id_index` (`user_id`);

--
-- Indeks untuk tabel `oauth_auth_codes`
--
ALTER TABLE `oauth_auth_codes`
  ADD PRIMARY KEY (`id`),
  ADD KEY `oauth_auth_codes_user_id_index` (`user_id`);

--
-- Indeks untuk tabel `oauth_clients`
--
ALTER TABLE `oauth_clients`
  ADD PRIMARY KEY (`id`),
  ADD KEY `oauth_clients_user_id_index` (`user_id`);

--
-- Indeks untuk tabel `oauth_personal_access_clients`
--
ALTER TABLE `oauth_personal_access_clients`
  ADD PRIMARY KEY (`id`);

--
-- Indeks untuk tabel `oauth_refresh_tokens`
--
ALTER TABLE `oauth_refresh_tokens`
  ADD PRIMARY KEY (`id`),
  ADD KEY `oauth_refresh_tokens_access_token_id_index` (`access_token_id`);

--
-- Indeks untuk tabel `orders`
--
ALTER TABLE `orders`
  ADD PRIMARY KEY (`id`),
  ADD KEY `orders_user_id_foreign` (`user_id`);

--
-- Indeks untuk tabel `order_product`
--
ALTER TABLE `order_product`
  ADD PRIMARY KEY (`id`),
  ADD KEY `order_product_order_id_foreign` (`order_id`),
  ADD KEY `order_product_product_id_foreign` (`product_id`);

--
-- Indeks untuk tabel `password_resets`
--
ALTER TABLE `password_resets`
  ADD KEY `password_resets_email_index` (`email`);

--
-- Indeks untuk tabel `products`
--
ALTER TABLE `products`
  ADD PRIMARY KEY (`id`);

--
-- Indeks untuk tabel `profile`
--
ALTER TABLE `profile`
  ADD PRIMARY KEY (`id`),
  ADD KEY `profile_user_id_foreign` (`user_id`);

--
-- Indeks untuk tabel `provinces`
--
ALTER TABLE `provinces`
  ADD PRIMARY KEY (`id`);

--
-- Indeks untuk tabel `users`
--
ALTER TABLE `users`
  ADD PRIMARY KEY (`id`),
  ADD UNIQUE KEY `users_email_unique` (`email`),
  ADD UNIQUE KEY `users_username_unique` (`username`);

--
-- AUTO_INCREMENT untuk tabel yang dibuang
--

--
-- AUTO_INCREMENT untuk tabel `api_data_test`
--
ALTER TABLE `api_data_test`
  MODIFY `id` bigint(20) UNSIGNED NOT NULL AUTO_INCREMENT, AUTO_INCREMENT=5;

--
-- AUTO_INCREMENT untuk tabel `articles`
--
ALTER TABLE `articles`
  MODIFY `id` int(10) UNSIGNED NOT NULL AUTO_INCREMENT, AUTO_INCREMENT=4;

--
-- AUTO_INCREMENT untuk tabel `categories`
--
ALTER TABLE `categories`
  MODIFY `id` int(10) UNSIGNED NOT NULL AUTO_INCREMENT, AUTO_INCREMENT=3;

--
-- AUTO_INCREMENT untuk tabel `category_articles`
--
ALTER TABLE `category_articles`
  MODIFY `id` bigint(20) UNSIGNED NOT NULL AUTO_INCREMENT, AUTO_INCREMENT=4;

--
-- AUTO_INCREMENT untuk tabel `category_message`
--
ALTER TABLE `category_message`
  MODIFY `id` bigint(20) UNSIGNED NOT NULL AUTO_INCREMENT, AUTO_INCREMENT=8;

--
-- AUTO_INCREMENT untuk tabel `category_product`
--
ALTER TABLE `category_product`
  MODIFY `id` int(10) UNSIGNED NOT NULL AUTO_INCREMENT, AUTO_INCREMENT=27;

--
-- AUTO_INCREMENT untuk tabel `cities`
--
ALTER TABLE `cities`
  MODIFY `id` bigint(20) UNSIGNED NOT NULL AUTO_INCREMENT, AUTO_INCREMENT=502;

--
-- AUTO_INCREMENT untuk tabel `contact_message`
--
ALTER TABLE `contact_message`
  MODIFY `id` int(10) UNSIGNED NOT NULL AUTO_INCREMENT;

--
-- AUTO_INCREMENT untuk tabel `deliver_konsultasis`
--
ALTER TABLE `deliver_konsultasis`
  MODIFY `id` bigint(20) UNSIGNED NOT NULL AUTO_INCREMENT, AUTO_INCREMENT=2;

--
-- AUTO_INCREMENT untuk tabel `event`
--
ALTER TABLE `event`
  MODIFY `id` bigint(20) UNSIGNED NOT NULL AUTO_INCREMENT, AUTO_INCREMENT=3;

--
-- AUTO_INCREMENT untuk tabel `failed_jobs`
--
ALTER TABLE `failed_jobs`
  MODIFY `id` bigint(20) UNSIGNED NOT NULL AUTO_INCREMENT;

--
-- AUTO_INCREMENT untuk tabel `joining`
--
ALTER TABLE `joining`
  MODIFY `id` int(10) UNSIGNED NOT NULL AUTO_INCREMENT, AUTO_INCREMENT=67;

--
-- AUTO_INCREMENT untuk tabel `konsultasis`
--
ALTER TABLE `konsultasis`
  MODIFY `id` bigint(20) UNSIGNED NOT NULL AUTO_INCREMENT;

--
-- AUTO_INCREMENT untuk tabel `member`
--
ALTER TABLE `member`
  MODIFY `id` bigint(20) UNSIGNED NOT NULL AUTO_INCREMENT, AUTO_INCREMENT=12;

--
-- AUTO_INCREMENT untuk tabel `menus`
--
ALTER TABLE `menus`
  MODIFY `id` bigint(20) UNSIGNED NOT NULL AUTO_INCREMENT, AUTO_INCREMENT=3;

--
-- AUTO_INCREMENT untuk tabel `migrations`
--
ALTER TABLE `migrations`
  MODIFY `id` int(10) UNSIGNED NOT NULL AUTO_INCREMENT, AUTO_INCREMENT=80;

--
-- AUTO_INCREMENT untuk tabel `oauth_clients`
--
ALTER TABLE `oauth_clients`
  MODIFY `id` bigint(20) UNSIGNED NOT NULL AUTO_INCREMENT, AUTO_INCREMENT=9;

--
-- AUTO_INCREMENT untuk tabel `oauth_personal_access_clients`
--
ALTER TABLE `oauth_personal_access_clients`
  MODIFY `id` bigint(20) UNSIGNED NOT NULL AUTO_INCREMENT, AUTO_INCREMENT=5;

--
-- AUTO_INCREMENT untuk tabel `orders`
--
ALTER TABLE `orders`
  MODIFY `id` int(10) UNSIGNED NOT NULL AUTO_INCREMENT, AUTO_INCREMENT=3;

--
-- AUTO_INCREMENT untuk tabel `order_product`
--
ALTER TABLE `order_product`
  MODIFY `id` int(10) UNSIGNED NOT NULL AUTO_INCREMENT, AUTO_INCREMENT=3;

--
-- AUTO_INCREMENT untuk tabel `products`
--
ALTER TABLE `products`
  MODIFY `id` int(10) UNSIGNED NOT NULL AUTO_INCREMENT, AUTO_INCREMENT=15;

--
-- AUTO_INCREMENT untuk tabel `profile`
--
ALTER TABLE `profile`
  MODIFY `id` bigint(20) UNSIGNED NOT NULL AUTO_INCREMENT, AUTO_INCREMENT=92;

--
-- AUTO_INCREMENT untuk tabel `provinces`
--
ALTER TABLE `provinces`
  MODIFY `id` bigint(20) UNSIGNED NOT NULL AUTO_INCREMENT, AUTO_INCREMENT=35;

--
-- AUTO_INCREMENT untuk tabel `users`
--
ALTER TABLE `users`
  MODIFY `id` bigint(20) UNSIGNED NOT NULL AUTO_INCREMENT, AUTO_INCREMENT=37;

--
-- Ketidakleluasaan untuk tabel pelimpahan (Dumped Tables)
--

--
-- Ketidakleluasaan untuk tabel `articles`
--
ALTER TABLE `articles`
  ADD CONSTRAINT `articles_category_id_foreign` FOREIGN KEY (`category_id`) REFERENCES `category_articles` (`id`);

--
-- Ketidakleluasaan untuk tabel `category_product`
--
ALTER TABLE `category_product`
  ADD CONSTRAINT `category_product_category_id_foreign` FOREIGN KEY (`category_id`) REFERENCES `categories` (`id`),
  ADD CONSTRAINT `category_product_product_id_foreign` FOREIGN KEY (`product_id`) REFERENCES `products` (`id`);

--
-- Ketidakleluasaan untuk tabel `contact_message`
--
ALTER TABLE `contact_message`
  ADD CONSTRAINT `contact_message_category_id_foreign` FOREIGN KEY (`category_id`) REFERENCES `category_message` (`id`);

--
-- Ketidakleluasaan untuk tabel `deliver_konsultasis`
--
ALTER TABLE `deliver_konsultasis`
  ADD CONSTRAINT `deliver_konsultasis_consult_id_foreign` FOREIGN KEY (`consult_id`) REFERENCES `konsultasis` (`id`) ON DELETE CASCADE ON UPDATE CASCADE;

--
-- Ketidakleluasaan untuk tabel `joining`
--
ALTER TABLE `joining`
  ADD CONSTRAINT `joining_member_id_foreign` FOREIGN KEY (`member_id`) REFERENCES `member` (`id`) ON DELETE CASCADE ON UPDATE CASCADE,
  ADD CONSTRAINT `joining_user_id_foreign` FOREIGN KEY (`user_id`) REFERENCES `users` (`id`) ON DELETE CASCADE ON UPDATE CASCADE;

--
-- Ketidakleluasaan untuk tabel `member`
--
ALTER TABLE `member`
  ADD CONSTRAINT `member_sponsor_id_foreign` FOREIGN KEY (`sponsor_id`) REFERENCES `users` (`id`) ON DELETE CASCADE ON UPDATE CASCADE,
  ADD CONSTRAINT `member_user_id_foreign` FOREIGN KEY (`user_id`) REFERENCES `users` (`id`) ON DELETE CASCADE ON UPDATE CASCADE;

--
-- Ketidakleluasaan untuk tabel `orders`
--
ALTER TABLE `orders`
  ADD CONSTRAINT `orders_user_id_foreign` FOREIGN KEY (`user_id`) REFERENCES `users` (`id`) ON DELETE CASCADE ON UPDATE CASCADE;

--
-- Ketidakleluasaan untuk tabel `order_product`
--
ALTER TABLE `order_product`
  ADD CONSTRAINT `order_product_order_id_foreign` FOREIGN KEY (`order_id`) REFERENCES `orders` (`id`),
  ADD CONSTRAINT `order_product_product_id_foreign` FOREIGN KEY (`product_id`) REFERENCES `products` (`id`);

--
-- Ketidakleluasaan untuk tabel `profile`
--
ALTER TABLE `profile`
  ADD CONSTRAINT `profile_user_id_foreign` FOREIGN KEY (`user_id`) REFERENCES `users` (`id`) ON DELETE CASCADE ON UPDATE CASCADE;
COMMIT;

/*!40101 SET CHARACTER_SET_CLIENT=@OLD_CHARACTER_SET_CLIENT */;
/*!40101 SET CHARACTER_SET_RESULTS=@OLD_CHARACTER_SET_RESULTS */;
/*!40101 SET COLLATION_CONNECTION=@OLD_COLLATION_CONNECTION */;
